department_name,crew_code,employee_name,status,employee_num,role,seniority_date,supervisor_name,supervisor_num
Caseflow,DAY,sdfdsf,Active,28-3372512,Manager,8/10/15,,
-1.00E+02,DAY,Abeu Orgill,s,03-2515161,Manager,1/5/14,Matti Klich,28-3372512
Caseflow,DAY,Cash Garland,Active,39-8817037,Supervisor,12/7/16,,28-3372512
Caseflow,DAY,Jenine Geistmann,Active,58-1941168,Supervisor,12/1/09,Matti Klich,28-3372512
Caseflow,DAY,Jeffry Ives,Active,02-6598715,Worker,2/7/12,Abeu Orgill,03-2515161
Caseflow,DAY,Dynah Crimin,Active,07-7371708,Worker,4/20/17,Jenine Geistmann,58-1941168
Caseflow,DAY,Jeremy Trood,Active,13-4031670,Worker,2/1/09,Jenine Geistmann,58-1941168
Caseflow,DAY,Gearard Savile,Active,18-1525908,Worker,1/2/15,Abeu Orgill,03-2515161
Caseflow,DAY,Burr Ginnell,Active,21-9680801,Worker,4/5/05,Cash Garland,39-8817037
Caseflow,DAY,Vivien Scarfe,Active,22-5511538,Worker,9/12/14,Jenine Geistmann,58-1941168
Caseflow,DAY,Dennis Ansell,Active,24-9566286,Worker,7/18/06,Jenine Geistmann,58-1941168
Caseflow,DAY,Arnaldo Barnwall,Active,26-1040296,Worker,9/5/11,Cash Garland,39-8817037
Caseflow,DAY,Kala Andrejevic,Active,28-0735962,Worker,7/8/08,Abeu Orgill,03-2515161
Caseflow,DAY,Kyla Mynett,Active,34-4729570,Worker,9/25/06,Jenine Geistmann,58-1941168
Caseflow,DAY,Rip Cicerone,Active,35-6475497,Worker,6/11/03,Cash Garland,39-8817037
Caseflow,DAY,Vicki Cluff,Active,35-7773906,Worker,2/8/13,Abeu Orgill,03-2515161
Caseflow,DAY,Bartholomeo Drakeley,Active,37-9660253,Worker,8/18/06,Cash Garland,39-8817037
Caseflow,DAY,Durand Aspray,Active,38-2929927,Worker,5/21/12,Cash Garland,39-8817037
Caseflow,DAY,Livvie Itzcovich,Active,39-8759245,Worker,4/5/17,Cash Garland,39-8817037
Caseflow,DAY,Daphna de Marco,Active,51-5541436,Worker,12/5/12,Jenine Geistmann,58-1941168
Caseflow,DAY,Maye Courtenay,Active,53-0257212,Worker,8/26/10,Abeu Orgill,03-2515161
Caseflow,DAY,Broderick Gouldeby,Active,54-4599411,Worker,6/12/15,Abeu Orgill,03-2515161
Caseflow,DAY,Zebulen Vitet,Active,56-2896949,Worker,6/15/05,Jenine Geistmann,58-1941168
Caseflow,DAY,Crysta Studde,Active,62-9200652,Worker,6/12/12,Jenine Geistmann,58-1941168
Caseflow,DAY,Prinz Gemmill,Active,70-9049247,Worker,10/20/15,Jenine Geistmann,58-1941168
Caseflow,DAY,Bogey Postans,Active,71-4619678,Worker,12/4/14,Jenine Geistmann,58-1941168
Caseflow,DAY,Alessandro Le Breton,Active,71-7147591,Worker,11/11/04,Cash Garland,39-8817037
Caseflow,DAY,Murdoch Trimble,Active,71-9235096,Worker,9/16/03,Jenine Geistmann,58-1941168
Caseflow,DAY,Garik Hassell,Active,76-9797845,Worker,1/25/05,Jenine Geistmann,58-1941168
Caseflow,DAY,Abbie Winchcum,Active,79-2033348,Worker,2/16/11,Jenine Geistmann,58-1941168
Caseflow,DAY,Nickola Flannery,Active,86-8826687,Worker,12/10/10,Abeu Orgill,03-2515161
Caseflow,DAY,Thomasine Depport,Active,89-4182296,Worker,8/29/16,Abeu Orgill,03-2515161
Caseflow,DAY,Ellary Baldi,Active,98-0265113,Worker,10/13/08,Cash Garland,39-8817037
Caseflow,DAY,Lilith Coulbeck,Active,98-5892596,Worker,3/30/03,Jenine Geistmann,58-1941168
Caseflow,AFT,Carleton Ilden,Active,<img src=x onerror=alert('hi') />,,11/28/02, test ,
Caseflow,AFT,Frederick Coxall,Active,14-4342205,Supervisor,1/9/06,Carleton Ilden,17-9867095
Caseflow,AFT,Gus McGougan,Active,34-5995389,Supervisor,3/14/11,Carleton Ilden,17-9867095
Caseflow,AFT,Rosanne Anfossi,Active,75-5694764,Supervisor,2/29/08,Carleton Ilden,17-9867095
Caseflow,AFT,Shep Devonside,Active,02-0287856,Worker,8/29/08,Gus McGougan,34-5995389
Caseflow,AFT,Kippie Astbury,Active,07-6012836,Worker,12/26/09,Gus McGougan,34-5995389
Caseflow,AFT,Willabella Gajewski,Active,07-9398141,Worker,2/17/05,Frederick Coxall,14-4342205
Caseflow,AFT,../../../../../../../../../../../etc/passwd%00,Active,08-0640260,Worker,5/2/13,Gus McGougan,34-5995389
Caseflow,AFT,Sibelle Ryrie,Active,10-7985102,Worker,6/18/08,Frederick Coxall,14-4342205
Caseflow,AFT,Mallorie Prawle,Active,11-5468553,Worker,6/8/12,Frederick Coxall,14-4342205
Caseflow,AFT,Jade Linnell,Active,12-4033309,Worker,6/25/11,Frederick Coxall,14-4342205
Caseflow,AFT,Paulina Codman,Active,14-0338055,Worker,5/23/09,Rosanne Anfossi,75-5694764
Caseflow,AFT,Calhoun Sisson,Active,39-5372643,Worker,6/24/06,Rosanne Anfossi,75-5694764
Caseflow,AFT,Clim Patillo,Active,41-7511878,Worker,6/18/12,Rosanne Anfossi,75-5694764
Caseflow,AFT,Cynthie Aksell,Active,43-1360412,Worker,5/6/07,Rosanne Anfossi,75-5694764
Caseflow,AFT,Sharleen Opdenort,Active,47-2085487,Worker,5/28/07,Frederick Coxall,14-4342205
Caseflow,AFT,Danette Arndt,Active,47-5972227,Worker,6/16/06,Gus McGougan,34-5995389
Caseflow,AFT,Sigfrid Shinn,Active,48-6410059,Worker,3/20/15,Gus McGougan,34-5995389
Caseflow,AFT,Worth Pybworth,Active,59-3574175,Worker,12/25/05,Frederick Coxall,14-4342205
Caseflow,AFT,Robbi Gonnard,Active,63-9818832,Worker,1/23/07,Rosanne Anfossi,75-5694764
Caseflow,AFT,Marinna Cosin,Active,64-8436898,Worker,4/24/12,Rosanne Anfossi,75-5694764
Caseflow,AFT,Yoko Kiossel,Active,65-5134611,Worker,12/9/11,Gus McGougan,34-5995389
Caseflow,AFT,Midge Orpin,Active,73-0227227,Worker,6/1/06,Gus McGougan,34-5995389
Caseflow,AFT,Hedwig Lodewick,Active,1;DROP TABLE users,Worker,9/13/14,Gus McGougan,34-5995389
Caseflow,AFT,Piotr Rycraft,Active,75-6703283,Worker,10/20/14,Gus McGougan,34-5995389
Caseflow,AFT,Marie-ann Bale,Active,76-4850480,Worker,3/5/09,Rosanne Anfossi,75-5694764
Caseflow,AFT,Sela Steinham,Active,76-8070267,Worker,6/19/10,Gus McGougan,34-5995389
Caseflow,AFT,Rees Lober,Active,77-3817715,Worker,10/26/15,Gus McGougan,34-5995389
Caseflow,AFT,Iolande Cayser,Active,80-7544792,Worker,11/6/11,Frederick Coxall,14-4342205
Caseflow,AFT,Katti Eilhertsen,Active,80-9659185,Worker,10/17/03,Frederick Coxall,14-4342205
Caseflow,AFT,Nanine Nassau,Active,86-7408943,Worker,12/20/10,Gus McGougan,34-5995389
Caseflow,AFT,Dallas Muff,Active,89-4779011,Worker,6/13/05,Rosanne Anfossi,75-5694764
Caseflow,AFT,Durward Birks,Active,93-3030401,Worker,6/17/10,Rosanne Anfossi,75-5694764
Caseflow,AFT,Liz Gaven,Active,96-8884805,Worker,4/1/15,Frederick Coxall,14-4342205
Caseflow,EVN,Anthony Probate,Active,13-6198886,Manager,6/25/08,,
Caseflow,EVN,Cora McCarly,Active,16-7136957,Supervisor,10/26/13,Anthony Probate,13-6198886
Caseflow,EVM,Arline Stubbes,Active,69-0560246,Supervisor,10/2/05,Anthony Probate,13-6198886
Caseflow,EVN,Doyle Ruit,Active,88-3595253,Supervisor,8/28/04,Anthony Probate,13-61988B6
Caseflow,EVN,Rolland Randerson,Active,00-7843751,Worker,10/8/08,Cora McCarly,16-7136957
Caseflow,EVN,Edie Mattke,Active,01-0313963,Worker,11/14/15,Cora McCarly,16-7136957
Caseflow,EVN,Robin Tarbin,Active,14-5274049,Worker,4/17/15,Doyle Ruit,88-3595253
Caseflow,EVN,Rasia Kulas,Active,20-3006998,Worker,4/18/10,Doyle Ruit,88-3595253
Caseflow,EVN,Thorndike Berrow,Active,23-2852530,Worker,4/11/03,Arline Stubbes,69-0560246
Caseflow,EVN,Kristal Gabey,Active,23-4812124,Worker,10/18/03,Cora McCarly,16-7136957
Caseflow,EVN,Julian Esmond,Active,24-1875156,Worker,8/19/07,Cora McCarly,16-7136957
Caseflow,EVN,Dora Rubinow,Active,24-8350446,Worker,12/14/04,Cora McCarly,16-7136957
Caseflow,EVN,Mart Metcalf,Active,25-7105671,Worker,9/22/15,Cora McCarly,16-7136957
Caseflow,EVN,Waneta Fruin,Active,27-5729975,Worker,12/30/12,Cora McCarly,16-7136957
Caseflow,EVN,Shelley Buckle,Active,30-7783310,Worker,7/16/04,Doyle Ruit,88-3595253
Caseflow,EVN,Maighdiln Mournian,Active,33-9864260,Worker,10/17/02,Arline Stubbes,69-0560246
Caseflow,EVN,Con Clemenzo,Active,34-7261417,Worker,1/13/12,Doyle Ruit,88-3595253
Caseflow,EVN,Dita Andreas,Active,40-0248648,Worker,10/25/05,Doyle Ruit,88-3595253
Caseflow,EVN,Alfons Tourner,Inactive,42-9930290,Worker,3/1/15,Arline Stubbes,69-0560246
Caseflow,EVN,Byran Simison,Active,43-6505469,Worker,10/30/12,Doyle Ruit,88-3595253
Caseflow,EVN,Kaylee Tawn,Active,44-0845791,Worker,5/19/09,Arline Stubbes,69-0560246
Caseflow,EVN,Alisha Casoni,Active,46-2152300,Worker,10/29/09,Doyle Ruit,88-3595253
Caseflow,EVN,Alano McGillivrie,Active,48-4598968,Worker,3/30/15,Cora McCarly,16-7136957
Caseflow,EVN,Addia Leaning,Active,50-0760645,Worker,3/11/17,Doyle Ruit,88-3595253
Caseflow,EVN,Hendrick McDonnell,Active,54-3496245,Worker,3/9/04,Cora McCarly,16-7136957
Caseflow,EVN,Reggie Mulryan,Active,54-4743558,Worker,12/29/16,Arline Stubbes,69-0560246
Caseflow,EVN,Zorana McRoberts,Active,54-9873742,Worker,2/3/10,Doyle Ruit,88-3595253
Caseflow,EVN,Ermanno Zamorrano,Active,56-9492756,Worker,5/26/09,Doyle Ruit,88-3595253
Caseflow,EVN,Wallis Clemenceau,Active,58-7326001,Worker,3/21/12,Cora McCarly,16-7136957
Caseflow,EVN,Shaun Oventon,Active,60-2194276,Worker,3/24/05,Arline Stubbes,69-0560246
Caseflow,EVN,Brion Issacson,Active,77-3223352,Worker,7/29/10,Cora McCarly,16-7136957
Caseflow,EVN,Roseanna Kluger,Active,78-9978334,Worker,7/2/04,Doyle Ruit,88-3595253
Caseflow,EVN,Allyson Lebang,Active,84-5298643,Worker,3/23/16,Arline Stubbes,69-0560246
Caseflow,EVN,Meta Burth,Active,87-9077385,Worker,7/9/02,Cora McCarly,16-7136957
CrossDock,DAY,Elmira Crisford,Inactive,28-6461659,Manager,9/23/16,,
CrossDock,DAY,Federica Dosedale,Active,41-6099551,Manager,4/20/13,Elmira Crisford,28-6461659
CrossDock,DAY,Nadean Reddington,Active,70-2723592,Supervisor,8/15/10,Elmira Crisford,41-6099551
CrossDock,DAY,Mick D'Hooghe,Active,89-6104900,Supervisor,7/2/12,Elmira Crisford,41-6099551
CrossDock,DAY,Jerald Claricoats,Active,05-4349879,Worker,11/1/05,Nadean Reddington,70-2723592
CrossDock,DAY,Meridith Lippitt,Active,07-8243000,Worker,7/8/03,Mick D'Hooghe,89-6104900
CrossDock,DAY,Gayleen Tolchar,Active,10-4337929,Worker,3/29/06,Federica Dosedale,16-0271607
CrossDock,DAY,Drusilla Duncklee,Active,12-1190934,Worker,6/21/08,Nadean Reddington,70-2723592
CrossDock,DAY,Erin McInnery,Active,16-0271607,Supervisor,8/31/06,Federica Dosedale,41-6099551
CrossDock,DAY,Colas Brislawn,Active,20-9976526,Worker,11/20/12,Mick D'Hooghe,89-6104900
CrossDock,DAY,Lesli Tordoff,Active,24-7470819,Worker,2/8/12,Federica Dosedale,16-0271607
CrossDock,DAY,Gradeigh Twigge,Active,27-3889901,Worker,12/10/06,Nadean Reddington,70-2723592
CrossDock,DAY,Babbie Gallahue,Active,27-5040744,Worker,10/28/13,Mick D'Hooghe,89-6104900
CrossDock,DAY,Morton Mortimer,Active,29-0447280,Worker,7/21/13,Nadean Reddington,70-2723592
CrossDock,DAY,Elita Offer,Active,31-3739545,Worker,3/9/13,Nadean Reddington,70-2723592
CrossDock,DAY,Deny Mallya,Active,36-6288124,Worker,12/15/12,Federica Dosedale,16-0271607
CrossDock,DAY,Gardener Heine,Active,46-2956000,Worker,5/31/04,Federica Dosedale,16-0271607
CrossDock,DAY,Gibby Beatty,Active,46-9207199,Worker,1/5/11,Mick D'Hooghe,89-6104900
CrossDock,DAY,Barrie Matyushonok,Active,49-7043894,Worker,12/17/07,Nadean Reddington,70-2723592
CrossDock,DAY,Elnar Marmion,Active,50-7750500,Worker,4/7/05,Nadean Reddington,70-2723592
CrossDock,DAY,Kattie Eley,Active,51-3107586,Worker,11/1/13,Mick D'Hooghe,89-6104900
CrossDock,DAY,Wyndham Regglar,Active,51-8065760,Worker,11/15/09,Mick D'Hooghe,89-6104900
CrossDock,DAY,Fredi Yesenin,Active,57-7529376,Worker,11/21/07,Federica Dosedale,16-0271607
CrossDock,DAY,Victoria Grelak,Active,62-2260875,Worker,6/16/07,Nadean Reddington,70-2723592
CrossDock,DAY,Euphemia Begg,Active,62-6138805,Worker,7/5/03,Mick D'Hooghe,89-6104900
CrossDock,DAY,Aubree Dumbleton,Active,65-1636907,Worker,12/12/15,Mick D'Hooghe,89-6104900
CrossDock,DAY,Abby Pandey,Active,73-6156621,Worker,8/24/07,Federica Dosedale,16-0271607
CrossDock,DAY,Ursa Bucknall,Active,74-9992605,Worker,11/27/09,Nadean Reddington,70-2723592
CrossDock,DAY,Mariam Blodgett,Active,81-1132060,Worker,5/1/08,Mick D'Hooghe,89-6104900
CrossDock,DAY,Mechelle Bresson,Active,86-4694443,Worker,11/4/03,Nadean Reddington,70-2723592
CrossDock,DAY,Doroteya Biagioni,Active,87-0764509,Worker,8/4/03,Mick D'Hooghe,89-6104900
CrossDock,DAY,Donn Akrigg,Active,89-3176202,Worker,3/4/06,Mick D'Hooghe,89-6104900
CrossDock,DAY,Bernice Tarbet,Active,94-1339857,Worker,6/16/11,Federica Dosedale,16-0271607
CrossDock,DAY,Clareta Sustins,Active,94-6843306,Worker,2/25/13,Federica Dosedale,16-0271607
CrossDock,AFT,Shoshana Sawer,Active,56-5028734,Manager,1/12/10,,
CrossDock,AFT,Meghan Chittey,Active,08-0771304,Supervisor,9/22/15,Shoshana Sawer,56-5028734
CrossDock,AFT,Danielle Somerbell,Active,84-8493922,Supervisor,4/30/08,Shoshana Sawer,56-5028734
CrossDock,AFT,Paolo Golly,Active,93-0470018,Supervisor,8/20/02,Shoshana Sawer,56-5028734
CrossDock,AFT,Carmela Paolozzi,Active,00-6603142,Worker,4/11/11,Paolo Golly,93-0470018
CrossDock,AFT,Isabel McNirlan,Active,04-6920841,Worker,7/28/10,Meghan Chittey,08-0771304
CrossDock,AFT,Ashli Rann,Active,05-2901941,Worker,6/28/04,Paolo Golly,93-0470018
CrossDock,AFT,Caron Weins,Active,06-0200426,Worker,8/21/11,Danielle Somerbell,84-8493922
CrossDock,AFT,Gabriella Lorne,Active,07-0556501,Worker,3/15/16,Danielle Somerbell,84-8493922
CrossDock,AFT,Ansel Tetlow,Active,10-8743548,Worker,12/3/03,Paolo Golly,93-0470018
CrossDock,AFT,Cece Adnam,Active,16-0372348,Worker,3/29/16,Paolo Golly,93-0470018
CrossDock,AFT,Janey Wombwell,Active,16-3294685,Worker,10/27/11,Paolo Golly,93-0470018
CrossDock,AFT,Luise Ambrogi,Active,18-1440044,Worker,2/3/16,Danielle Somerbell,84-8493922
CrossDock,AFT,Ame Swanborrow,Active,24-8975963,Worker,10/3/02,Paolo Golly,93-0470018
CrossDock,AFT,Jon Yitzhok,Active,26-9790962,Worker,8/25/07,Danielle Somerbell,84-8493922
CrossDock,AFT,Eldon Vasler,Active,32-0807397,Worker,2/14/05,Danielle Somerbell,84-8493922
CrossDock,AFT,Marcus Ruckert,Active,42-4336603,Worker,1/10/12,Paolo Golly,93-0470018
CrossDock,AFT,Margaux Bateson,Active,52-2263173,Worker,9/19/12,Meghan Chittey,08-0771304
CrossDock,AFT,Sadie Twiname,Active,53-6969584,Worker,8/23/07,Danielle Somerbell,84-8493922
CrossDock,AFT,Mair Minihane,Active,61-0322642,Worker,2/1/12,Danielle Somerbell,84-8493922
CrossDock,AFT,Franklin Heardman,Active,61-5010903,Worker,12/27/15,Meghan Chittey,08-0771304
CrossDock,AFT,Jany Kilbourne,Active,61-6692971,Worker,5/20/14,Paolo Golly,93-0470018
CrossDock,AFT,Ritchie Binnell,Active,70-7148370,Worker,12/26/13,Meghan Chittey,08-0771304
CrossDock,AFT,Issi Dagon,Active,70-8608181,Worker,9/25/05,Danielle Somerbell,84-8493922
CrossDock,AFT,Eugine Gynn,Active,82-1907942,Worker,10/12/09,Paolo Golly,93-0470018
CrossDock,AFT,Joella Ridel,Active,83-7283958,Worker,6/5/15,Danielle Somerbell,84-8493922
CrossDock,AFT,Morty Mocher,Active,85-6757933,Worker,10/7/06,Danielle Somerbell,84-8493922
CrossDock,AFT,Piggy Beverage,Active,89-6040207,Worker,2/26/07,Meghan Chittey,08-0771304
CrossDock,AFT,Gifford Hayen,Active,90-2476214,Worker,7/29/05,Meghan Chittey,08-0771304
CrossDock,AFT,Emelina Youde,Active,91-9388215,Worker,1/7/13,Paolo Golly,93-0470018
CrossDock,AFT,Lowell O'Malley,Active,97-1890330,Worker,7/8/13,Meghan Chittey,08-0771304
CrossDock,AFT,Bil McTrustram,Active,98-5047462,Worker,8/26/13,Danielle Somerbell,84-8493922
CrossDock,AFT,Gray Hasslocher,Active,98-9379127,Worker,5/9/16,Meghan Chittey,08-0771304
CrossDock,AFT,Willie Bazeley,Active,99-8456178,Worker,4/29/09,Paolo Golly,93-0470018
CrossDock,EVN,Leona Esland,Active,19-5880880,Manager,11/1/11,,
CrossDock,EVN,Elka Behne,Active,27-6715556,Supervisor,2/14/03,Leona Esland,19-5880880
CrossDock,EVN,Laughton Bampforth,Active,64-2453955,Supervisor,10/27/15,Leona Esland,19-5880880
CrossDock,EVN,Johnny Ince,Active,72-9059596,Supervisor,6/13/12,Leona Esland,19-5880880
CrossDock,EVN,Dougie Donovan,Active,04-9983056,Worker,10/28/06,Laughton Bampforth,64-2453955
CrossDock,EVN,Lucilia Treppas,Active,11-5262602,Worker,5/29/02,Elka Behne,27-6715556
CrossDock,EVN,Caty Carlon,Active,15-5188321,Worker,9/12/11,Elka Behne,27-6715556
CrossDock,EVN,Angel Syrett,Active,18-6400903,Worker,9/13/05,Laughton Bampforth,64-2453955
CrossDock,EVN,Jaye Birney,Active,18-7641849,Worker,10/28/07,Laughton Bampforth,64-2453955
CrossDock,EVN,Doti Vivians,Active,20-3003738,Worker,4/28/04,Elka Behne,27-6715556
CrossDock,EVN,Sigismondo Duker,Active,22-4022317,Worker,11/21/14,Johnny Ince,72-9059596
CrossDock,EVN,Simone Montier,Active,25-3293678,Worker,2/24/03,Elka Behne,27-6715556
CrossDock,EVN,Aldrich Espie,Active,28-1890304,Worker,3/29/10,Laughton Bampforth,64-2453955
CrossDock,EVN,Emelen Ropp,Active,35-5176970,Worker,8/4/15,Laughton Bampforth,64-2453955
CrossDock,EVN,Travers Pevsner,Active,38-3316405,Worker,5/1/06,Laughton Bampforth,64-2453955
CrossDock,EVN,Kellina Loughman,Active,45-1406740,Worker,4/25/08,Elka Behne,27-6715556
CrossDock,EVN,Dimitri Marklow,Active,53-4659931,Worker,12/29/02,Johnny Ince,72-9059596
CrossDock,EVN,Merilee Heyns,Active,54-0109616,Worker,6/9/13,Johnny Ince,72-9059596
CrossDock,EVN,Holt Gyngyll,Active,56-0089818,Worker,1/21/15,Elka Behne,27-6715556
CrossDock,EVN,Carlye McKim,Active,56-4269051,Worker,9/23/13,Laughton Bampforth,64-2453955
CrossDock,EVN,Maisey Jarret,Active,56-5967375,Worker,8/24/12,Laughton Bampforth,64-2453955
CrossDock,EVN,Benyamin Noorwood,Active,57-1091986,Worker,12/7/10,Johnny Ince,72-9059596
CrossDock,EVN,Goddart Lawry,Active,61-2504206,Worker,11/18/07,Johnny Ince,72-9059596
CrossDock,EVN,Cathie Casemore,Active,61-5979956,Worker,4/18/17,Elka Behne,27-6715556
CrossDock,EVN,De Hucke,Active,61-7307765,Worker,4/29/11,Laughton Bampforth,64-2453955
CrossDock,EVN,Marybeth Gath,Active,62-3032096,Worker,3/10/11,Laughton Bampforth,64-2453955
CrossDock,EVN,Solly Stut,Active,75-4490987,Worker,11/2/16,Elka Behne,27-6715556
CrossDock,EVN,Horatius Dene,Active,76-6828562,Worker,10/27/04,Elka Behne,27-6715556
CrossDock,EVN,Edmon Broadway,Active,77-4955171,Worker,6/16/12,Elka Behne,27-6715556
CrossDock,EVN,Susana Aickin,Active,83-9800099,Worker,9/23/16,Johnny Ince,72-9059596
CrossDock,EVN,Russ Leele,Active,85-0053833,Worker,12/4/06,Elka Behne,27-6715556
CrossDock,EVN,Emelina Kydd,Active,86-3795034,Worker,5/10/15,Johnny Ince,72-9059596
CrossDock,EVN,Sargent Sturge,Active,88-9505796,Worker,6/30/12,Johnny Ince,72-9059596
CrossDock,EVN,Berri Chatband,Active,93-3450951,Worker,9/29/03,Elka Behne,27-6715556
Maintenance,DAY,Zarah Murby,Active,03-0811160,Manager,9/20/15,,
Maintenance,DAY,Shara Oak,Active,00-4515889,Supervisor,10/16/03,Zarah Murby,03-0811160
Maintenance,DAY,Gallard Cawthery,Active,28-4046595,Supervisor,12/5/11,Zarah Murby,03-0811160
Maintenance,DAY,Kahlil Shitliff,Active,97-3474009,Supervisor,6/19/02,Zarah Murby,03-0811160
Maintenance,DAY,Elsinore Gillinghams,Active,01-2450125,Worker,3/31/17,Kahlil Shitliff,97-3474009
Maintenance,DAY,Melisenda Witherspoon,Active,01-6886130,Worker,5/26/15,Gallard Cawthery,28-4046595
Maintenance,DAY,Danette McCalum,Active,02-2523213,Worker,4/7/04,Shara Oak,00-4515889
Maintenance,DAY,Lara Oaker,Active,02-7616062,Worker,11/26/11,Gallard Cawthery,28-4046595
Maintenance,DAY,Shalom Abrami,Active,03-0818569,Worker,3/11/09,Kahlil Shitliff,97-3474009
Maintenance,DAY,Piper Adney,Active,03-4414733,Worker,6/7/06,Kahlil Shitliff,97-3474009
Maintenance,DAY,Paulie Coke,Active,09-5794997,Worker,10/31/16,Gallard Cawthery,28-4046595
Maintenance,DAY,Creight Congreave,Active,10-1670369,Worker,9/6/14,Shara Oak,00-4515889
Maintenance,DAY,Danie Donati,Active,12-2700756,Worker,9/22/10,Gallard Cawthery,28-4046595
Maintenance,DAY,Gwyneth Keep,Active,14-5162411,Worker,12/10/07,Gallard Cawthery,28-4046595
Maintenance,DAY,Elle Thorp,Active,15-2705235,Worker,9/16/15,Shara Oak,00-4515889
Maintenance,DAY,Carla Nutt,Active,17-6658052,Worker,3/2/04,Gallard Cawthery,28-4046595
Maintenance,DAY,Carroll Fawke,Active,20-2025076,Worker,6/7/04,Shara Oak,00-4515889
Maintenance,DAY,Thedric Laughrey,Active,20-5143537,Worker,11/22/08,Kahlil Shitliff,97-3474009
Maintenance,DAY,Son Tolman,Active,24-3533095,Worker,9/19/12,Gallard Cawthery,28-4046595
Maintenance,DAY,Thadeus Marvel,Active,24-5448321,Worker,12/11/15,Gallard Cawthery,28-4046595
Maintenance,DAY,Maudie Koppeck,Active,29-0095728,Worker,2/15/03,Shara Oak,00-4515889
Maintenance,DAY,Tine Jone,Active,29-3313699,Worker,10/16/04,Kahlil Shitliff,97-3474009
Maintenance,DAY,Michael Winckles,Active,29-6754773,Worker,8/24/14,Shara Oak,00-4515889
Maintenance,DAY,Agretha Olden,Active,34-2502545,Worker,11/6/13,Kahlil Shitliff,97-3474009
Maintenance,DAY,Rick Ambler,Active,39-5049548,Worker,5/13/12,Shara Oak,00-4515889
Maintenance,DAY,Margette Bleackley,Active,41-0425418,Worker,4/20/13,Kahlil Shitliff,97-3474009
Maintenance,DAY,Emmy Ryal,Active,71-7875050,Worker,12/16/10,Kahlil Shitliff,97-3474009
Maintenance,DAY,Kleon Dorrance,Active,73-4997229,Worker,10/20/02,Gallard Cawthery,28-4046595
Maintenance,DAY,Oran Daffey,Active,76-1866691,Worker,11/11/12,Kahlil Shitliff,97-3474009
Maintenance,DAY,Margarita Wodham,Active,78-3214257,Worker,6/26/04,Shara Oak,00-4515889
Maintenance,DAY,Jandy Biagioni,Active,81-0508322,Worker,4/28/13,Gallard Cawthery,28-4046595
Maintenance,DAY,Miquela Vanichkov,Active,89-0975814,Worker,7/19/05,Kahlil Shitliff,97-3474009
Maintenance,DAY,Osgood Scinelli,Active,90-3477152,Worker,12/23/09,Gallard Cawthery,28-4046595
Maintenance,DAY,Connie Greeson,Active,94-9858768,Worker,4/28/14,Gallard Cawthery,28-4046595
Maintenance,AFT,Veronica Raymont,Active,54-0860315,Manager,8/12/11,,
Maintenance,AFT,Rurik Songer,Active,44-4928759,Supervisor,11/8/14,Veronica Raymont,54-0860315
Maintenance,AFT,Zaccaria Lippi,Active,48-7080392,Supervisor,1/10/17,Veronica Raymont,54-0860315
Maintenance,AFT,Libbi Leuchars,Active,67-2030493,Supervisor,2/23/07,Veronica Raymont,54-0860315
Maintenance,AFT,Paddy Hellis,Active,05-0183651,Worker,1/7/15,Zaccaria Lippi,48-7080392
Maintenance,AFT,Lula Bernat,Active,05-8564225,Worker,7/13/06,Libbi Leuchars,67-2030493
Maintenance,AFT,Masha Moxted,Active,10-7843845,Worker,8/29/08,Rurik Songer,44-4928759
Maintenance,AFT,Consuelo Hookes,Active,15-2622726,Worker,7/29/12,Rurik Songer,44-4928759
Maintenance,AFT,Berk Morffew,Active,16-3241108,Worker,1/7/12,Zaccaria Lippi,48-7080392
Maintenance,AFT,Mata Kroin,Active,16-3802936,Worker,10/12/09,Rurik Songer,44-4928759
Maintenance,AFT,Meryl Corking,Active,17-9575599,Worker,12/14/16,Libbi Leuchars,67-2030493
Maintenance,AFT,Juan Callan,Active,19-8093840,Worker,9/8/15,Rurik Songer,44-4928759
Maintenance,AFT,Valentine Iacoboni,Active,19-9701381,Worker,4/2/05,Rurik Songer,44-4928759
Maintenance,AFT,Danita Bembrigg,Active,24-9567369,Worker,9/16/08,Zaccaria Lippi,48-7080392
Maintenance,AFT,Marcelle Gallihaulk,Active,28-7888364,Worker,1/5/15,Zaccaria Lippi,48-7080392
Maintenance,AFT,Ermin Gillicuddy,Active,31-9702066,Worker,1/17/17,Zaccaria Lippi,48-7080392
Maintenance,AFT,Venita Gemson,Active,35-5888537,Worker,4/3/13,Zaccaria Lippi,48-7080392
Maintenance,AFT,Cosimo Hatfield,Active,35-8518436,Worker,8/2/14,Libbi Leuchars,67-2030493
Maintenance,AFT,Ado Mullins,Active,39-8914722,Worker,5/16/03,Libbi Leuchars,67-2030493
Maintenance,AFT,Lock Laydel,Active,40-8199902,Worker,8/22/07,Rurik Songer,44-4928759
Maintenance,AFT,Ulric Silverthorn,Active,42-6506844,Worker,6/26/04,Libbi Leuchars,67-2030493
Maintenance,AFT,Tammie Davidof,Active,64-2989872,Worker,12/12/14,Rurik Songer,44-4928759
Maintenance,AFT,Raychel Derry,Active,75-6168537,Worker,6/20/03,Rurik Songer,44-4928759
Maintenance,AFT,Cristin Westmore,Active,78-3508459,Worker,8/23/09,Libbi Leuchars,67-2030493
Maintenance,AFT,Carney Hellen,Active,82-7597485,Worker,7/22/03,Rurik Songer,44-4928759
Maintenance,AFT,Kerby Twigger,Active,85-2528036,Worker,1/8/14,Zaccaria Lippi,48-7080392
Maintenance,AFT,Hortensia Pickle,Active,85-5752462,Worker,6/2/03,Zaccaria Lippi,48-7080392
Maintenance,AFT,Abel Askell,Active,89-8556644,Worker,5/8/06,Rurik Songer,44-4928759
Maintenance,AFT,Jesselyn Teaser,Active,90-2563998,Worker,12/13/16,Rurik Songer,44-4928759
Maintenance,AFT,Marika Thompson,Active,90-6341789,Worker,10/8/05,Libbi Leuchars,67-2030493
Maintenance,AFT,Ericha Lambden,Active,94-7908338,Worker,9/25/02,Libbi Leuchars,67-2030493
Maintenance,AFT,Julius Reuben,Active,96-3412172,Worker,1/16/14,Zaccaria Lippi,48-7080392
Maintenance,AFT,Tadeo Mockler,Active,97-8487117,Worker,12/1/04,Libbi Leuchars,67-2030493
Maintenance,AFT,Malynda Tremayne,Active,98-3376113,Worker,8/26/14,Zaccaria Lippi,48-7080392
Maintenance,EVN,Meggi Landre,Active,30-2433087,Manager,1/17/08,,
Maintenance,EVN,Rafaello Greener,Active,12-2722108,Supervisor,5/28/14,Meggi Landre,30-2433087
Maintenance,EVN,Daryle Gilberthorpe,Active,13-6776725,Supervisor,10/25/11,Meggi Landre,30-2433087
Maintenance,EVN,Bibi Gratland,Active,59-0716417,Supervisor,11/14/04,Meggi Landre,30-2433087
Maintenance,EVN,Maddie Joscelin,Active,07-6091278,Worker,5/19/12,Rafaello Greener,12-2722108
Maintenance,EVN,Denna Plascott,Active,13-8897138,Worker,12/30/11,Bibi Gratland,59-0716417
Maintenance,EVN,Cletis Fleeming,Active,19-7155680,Worker,2/26/17,Bibi Gratland,59-0716417
Maintenance,EVN,Neall Dowthwaite,Active,23-3747710,Worker,7/30/08,Rafaello Greener,12-2722108
Maintenance,EVN,Liz Jerams,Active,25-4102755,Worker,4/7/10,Bibi Gratland,59-0716417
Maintenance,EVN,Kayne Valencia,Active,25-7185205,Worker,1/2/05,Daryle Gilberthorpe,13-6776725
Maintenance,EVN,Hadria Plomer,Active,33-0226296,Worker,10/22/12,Daryle Gilberthorpe,13-6776725
Maintenance,EVN,Vin Marple,Active,37-7009500,Worker,4/17/14,Rafaello Greener,12-2722108
Maintenance,EVN,Candis Crinson,Active,44-7617177,Worker,2/26/10,Rafaello Greener,12-2722108
Maintenance,EVN,Shelley Colegrove,Active,48-1387874,Worker,1/3/06,Bibi Gratland,59-0716417
Maintenance,EVN,Odie Sainsbury,Active,61-8274913,Worker,10/5/02,Daryle Gilberthorpe,13-6776725
Maintenance,EVN,Odell Hamilton,Active,62-9796523,Worker,8/9/08,Bibi Gratland,59-0716417
Maintenance,EVN,Gilemette Pettyfar,Active,63-1554996,Worker,4/7/06,Rafaello Greener,12-2722108
Maintenance,EVN,Shena Ironmonger,Active,64-2076759,Worker,8/7/10,Rafaello Greener,12-2722108
Maintenance,EVN,Roddy Coltart,Active,65-7474701,Worker,2/19/09,Rafaello Greener,12-2722108
Maintenance,EVN,Katalin Do,Active,65-9526121,Worker,6/17/10,Daryle Gilberthorpe,13-6776725
Maintenance,EVN,Evan MacRirie,Active,69-9157229,Worker,1/26/03,Bibi Gratland,59-0716417
Maintenance,EVN,Nick Baise,Active,70-4873086,Worker,4/7/09,Daryle Gilberthorpe,13-6776725
Maintenance,EVN,Sigfried Guidone,Active,71-4461902,Worker,4/13/16,Rafaello Greener,12-2722108
Maintenance,EVN,Walther Roxby,Active,74-2831950,Worker,5/3/08,Rafaello Greener,12-2722108
Maintenance,EVN,Agnese Lenney,Active,74-5099697,Worker,3/18/14,Daryle Gilberthorpe,13-6776725
Maintenance,EVN,Mordecai Pullen,Active,77-3551964,Worker,8/13/05,Bibi Gratland,59-0716417
Maintenance,EVN,Riordan Hincham,Active,79-0844351,Worker,1/15/14,Rafaello Greener,12-2722108
Maintenance,EVN,Nonah Jeannet,Active,84-2621887,Worker,7/30/10,Daryle Gilberthorpe,13-6776725
Maintenance,EVN,Herve Bloxsom,Active,85-0953225,Worker,7/26/14,Rafaello Greener,12-2722108
Maintenance,EVN,Yancy McCaskill,Active,87-4499161,Worker,3/17/15,Daryle Gilberthorpe,13-6776725
Maintenance,EVN,Grannie Lattie,Active,89-6739256,Worker,12/11/05,Daryle Gilberthorpe,13-6776725
Maintenance,EVN,James Mincher,Active,93-2935716,Worker,7/20/08,Bibi Gratland,59-0716417
Maintenance,EVN,Ellissa Varty,Active,96-6295566,Worker,1/17/04,Bibi Gratland,59-0716417
Maintenance,EVN,Lisle Gauler,Active,96-6805204,Worker,11/19/03,Rafaello Greener,12-2722108
Operations Support,DAY,Donn Harrad,Active,16-4898489,Manager,2/7/04,,
Operations Support,DAY,Maighdiln Falcus,Active,02-9850545,Supervisor,7/3/15,Donn Harrad,16-4898489
Operations Support,DAY,Elia Terzza,Active,39-0284982,Supervisor,10/9/07,Donn Harrad,16-4898489
Operations Support,DAY,Raynor Beneix,Active,44-6663376,Supervisor,1/18/10,Donn Harrad,16-4898489
Operations Support,DAY,Davie Fuggle,Active,03-2369177,Worker,7/2/14,Maighdiln Falcus,02-9850545
Operations Support,DAY,Jacinda Boocock,Active,09-9092444,Worker,1/11/10,Elia Terzza,39-0284982
Operations Support,DAY,Hakeem Claypoole,Active,15-6214944,Worker,9/10/10,Raynor Beneix,44-6663376
Operations Support,DAY,Rheta Tooze,Active,16-2967609,Worker,2/9/14,Elia Terzza,39-0284982
Operations Support,DAY,Shae Castellanos,Active,17-6218169,Worker,12/28/10,Maighdiln Falcus,02-9850545
Operations Support,DAY,Lancelot Ertel,Active,18-1967482,Worker,4/10/05,Elia Terzza,39-0284982
Operations Support,DAY,Georgiana Lally,Active,20-6945002,Worker,3/5/12,Raynor Beneix,44-6663376
Operations Support,DAY,Tera Kindleside,Active,25-1239012,Worker,4/2/03,Elia Terzza,39-0284982
Operations Support,DAY,Shirline Giovanitti,Active,25-7179819,Worker,2/20/03,Raynor Beneix,44-6663376
Operations Support,DAY,Elisha Gobert,Active,28-5705636,Worker,10/3/15,Elia Terzza,39-0284982
Operations Support,DAY,Yoshi Bulford,Active,31-9331078,Worker,9/19/13,Maighdiln Falcus,02-9850545
Operations Support,DAY,Pattie Jinkin,Active,44-0013047,Worker,11/23/04,Maighdiln Falcus,02-9850545
Operations Support,DAY,Indira Cureton,Active,44-2003237,Worker,7/18/12,Maighdiln Falcus,02-9850545
Operations Support,DAY,Thorny Landy,Active,44-5531103,Worker,10/13/14,Elia Terzza,39-0284982
Operations Support,DAY,Lynne Whoston,Active,45-2253597,Worker,3/15/12,Maighdiln Falcus,02-9850545
Operations Support,DAY,Lily Negal,Active,55-3887913,Worker,2/15/09,Raynor Beneix,44-6663376
Operations Support,DAY,Kipp Lippatt,Active,56-1974269,Worker,6/21/03,Elia Terzza,39-0284982
Operations Support,DAY,Jed Hepher,Active,56-5302751,Worker,5/9/14,Maighdiln Falcus,02-9850545
Operations Support,DAY,Elizabet Nezey,Active,61-7128227,Worker,3/10/10,Raynor Beneix,44-6663376
Operations Support,DAY,Tessa Schriren,Active,63-8218987,Worker,11/7/11,Elia Terzza,39-0284982
Operations Support,DAY,Patti Steiner,Active,69-6182637,Worker,3/13/05,Raynor Beneix,44-6663376
Operations Support,DAY,Vito Spykins,Active,76-0546504,Worker,10/7/12,Elia Terzza,39-0284982
Operations Support,DAY,Maegan Melross,Active,76-3608857,Worker,2/9/12,Raynor Beneix,44-6663376
Operations Support,DAY,Wynn Rentz,Active,80-2364857,Worker,10/23/07,Raynor Beneix,44-6663376
Operations Support,DAY,Yolanthe Wabb,Active,82-3253157,Worker,8/28/04,Raynor Beneix,44-6663376
Operations Support,DAY,Husain Ghiotto,Active,83-6663801,Worker,6/5/12,Raynor Beneix,44-6663376
Operations Support,DAY,Michelina Woolf,Active,83-8299127,Worker,12/4/10,Elia Terzza,39-0284982
Operations Support,DAY,Enriqueta Relf,Active,84-0248818,Worker,7/27/06,Maighdiln Falcus,02-9850545
Operations Support,DAY,Morna Furlonge,Active,86-0989700,Worker,11/21/12,Elia Terzza,39-0284982
Operations Support,DAY,Antons McGifford,Active,90-1990165,Worker,8/18/08,Elia Terzza,39-0284982
Operations Support,AFT,Reta Ridsdell,Active,48-0338521,Manager,6/29/16,,
Operations Support,AFT,Reggi Freckleton,Active,25-1774683,Supervisor,7/1/14,Reta Ridsdell,48-0338521
Operations Support,AFT,Brigit Snyder,Active,51-0755057,Supervisor,7/20/08,Reta Ridsdell,48-0338521
Operations Support,AFT,Lion Cowdery,Active,61-6927495,Supervisor,1/31/16,Reta Ridsdell,48-0338521
Operations Support,AFT,Elwira Hadcroft,Active,00-0099691,Worker,6/26/04,Reggi Freckleton,25-1774683
Operations Support,AFT,Maurie Tappor,Active,01-5752617,Worker,4/23/05,Reggi Freckleton,25-1774683
Operations Support,AFT,Wit Bailles,Active,14-4608417,Worker,12/15/06,Brigit Snyder,51-0755057
Operations Support,AFT,Isahella Ritchard,Active,16-0638808,Worker,9/3/09,Reggi Freckleton,25-1774683
Operations Support,AFT,Camille Fontell,Active,16-3526695,Worker,6/9/12,Reggi Freckleton,25-1774683
Operations Support,AFT,Padgett Lemme,Active,18-1411628,Worker,2/13/17,Reggi Freckleton,25-1774683
Operations Support,AFT,Ginnie Foker,Active,22-1673184,Worker,5/8/10,Brigit Snyder,51-0755057
Operations Support,AFT,Heidie Mounsey,Active,22-8965026,Worker,10/14/03,Lion Cowdery,61-6927495
Operations Support,AFT,Beckie McRill,Active,23-3081770,Worker,3/5/10,Brigit Snyder,51-0755057
Operations Support,AFT,Margette Wink,Active,23-8674835,Worker,3/22/13,Lion Cowdery,61-6927495
Operations Support,AFT,Regina Wraxall,Active,25-3693688,Worker,2/10/04,Brigit Snyder,51-0755057
Operations Support,AFT,Daveta Sweetmore,Active,36-6749170,Worker,5/13/15,Lion Cowdery,61-6927495
Operations Support,AFT,Lavena Toupe,Active,37-6719790,Worker,12/14/04,Lion Cowdery,61-6927495
Operations Support,AFT,Flss Malham,Active,38-9622375,Worker,8/1/15,Reggi Freckleton,25-1774683
Operations Support,AFT,Marty Dorrance,Active,41-1727551,Worker,4/15/14,Lion Cowdery,61-6927495
Operations Support,AFT,Franky Caffery,Active,42-3638688,Worker,6/26/04,Brigit Snyder,51-0755057
Operations Support,AFT,Joellyn Gibbings,Active,42-4087236,Worker,10/4/10,Reggi Freckleton,25-1774683
Operations Support,AFT,Willi Challener,Active,43-9615876,Worker,1/21/05,Lion Cowdery,61-6927495
Operations Support,AFT,Amil O'Luney,Active,46-5088893,Worker,4/20/05,Brigit Snyder,51-0755057
Operations Support,AFT,Cece Vedekhin,Active,50-4686254,Worker,6/24/05,Reggi Freckleton,25-1774683
Operations Support,AFT,Geno Pavek,Active,56-2419812,Worker,9/5/10,Lion Cowdery,61-6927495
Operations Support,AFT,Saxon Dmitrienko,Active,58-6150296,Worker,9/11/11,Brigit Snyder,51-0755057
Operations Support,AFT,Sonia Palle,Active,59-5138851,Worker,12/31/11,Brigit Snyder,51-0755057
Operations Support,AFT,Almeta Bownas,Active,72-1070034,Worker,4/30/04,Brigit Snyder,51-0755057
Operations Support,AFT,Michaelina Bresson,Active,77-1153751,Worker,5/15/14,Brigit Snyder,51-0755057
Operations Support,AFT,Brooke Kerkham,Active,77-1555486,Worker,8/3/09,Reggi Freckleton,25-1774683
Operations Support,AFT,Lammond Bamling,Active,77-7306300,Worker,2/19/13,Reggi Freckleton,25-1774683
Operations Support,AFT,Bevan Gibbieson,Active,82-0005119,Worker,10/6/11,Reggi Freckleton,25-1774683
Operations Support,AFT,Bary Kesley,Active,83-4785535,Worker,5/20/06,Lion Cowdery,61-6927495
Operations Support,AFT,Nowell Hadden,Active,87-6674714,Worker,7/9/14,Reggi Freckleton,25-1774683
Operations Support,EVN,Merrill Guppie,Active,39-8449361,Manager,10/2/10,,
Operations Support,EVN,Carolina Brear,Active,11-4283300,Supervisor,6/22/15,Merrill Guppie,39-8449361
Operations Support,EVN,Ermengarde Ivens,Active,86-5474070,Supervisor,2/13/16,Merrill Guppie,39-8449361
Operations Support,EVN,Francine Kline,Active,95-7097216,Supervisor,12/11/06,Merrill Guppie,39-8449361
Operations Support,EVN,Jewelle Byass,Active,03-3043283,Worker,2/15/13,Ermengarde Ivens,86-5474070
Operations Support,EVN,Dale Harker,Active,10-8233818,Worker,5/19/04,Carolina Brear,11-4283300
Operations Support,EVN,Ingamar Devine,Active,13-1276998,Worker,3/17/03,Ermengarde Ivens,86-5474070
Operations Support,EVN,Lydon McClaughlin,Active,15-4101358,Worker,6/14/05,Ermengarde Ivens,86-5474070
Operations Support,EVN,Theodoric Skatcher,Active,26-4513296,Worker,10/18/02,Ermengarde Ivens,86-5474070
Operations Support,EVN,Shani Gelland,Active,29-0097343,Worker,8/21/16,Carolina Brear,11-4283300
OperationsSupport,EVN,Binny Demaid,Active,30-6790569,Worker,3/7/11,Ermengarde Ivens,86-5474070
Operations Support,EVN,Hadley Bridgwater,Active,36-1811696,Worker,3/24/15,Carolina Brear,11-4283300
Operations Support,EVN,Fred Gaskarth,Active,50-0927058,Worker,3/19/16,Ermengarde Ivens,86-5474070
Operations Support,EVN,Ingelbert Sully,Active,50-2464689,Worker,4/27/08,Francine Kline,95-7097216
Operations Support,EVN,Margeaux Janew,Active,50-2468137,Worker,10/28/06,Ermengarde Ivens,86-5474070
Operations Support,EVN,Dwight Walley,Active,52-3696313,Worker,8/20/04,Francine Kline,95-7097216
Operations Support,EVN,Aliza Akhurst,Active,52-4976965,Worker,1/21/13,Francine Kline,95-7097216
Operations Support,EVN,Vic Bea,Active,62-3092073,Worker,2/27/13,Francine Kline,95-7097216
Operations Support,EVN,Rick McCarroll,Active,68-7144882,Worker,2/23/12,Ermengarde Ivens,86-5474070
Operations Support,EVN,Izak Grevel,Active,69-2271092,Worker,12/17/14,Carolina Brear,11-4283300
Operations Support,EVN,Nona Vaillant,Active,71-2146640,Worker,1/26/03,Francine Kline,95-7097216
Operations Support,EVN,Deirdre Karpenya,Active,72-0751077,Worker,6/24/13,Carolina Brear,11-4283300
Operations Support,EVN,Grayce Deinert,Active,74-6208375,Worker,4/9/07,Carolina Brear,11-4283300
Operations Support,EVN,Vyky Joselevitz,Active,78-9045298,Worker,2/9/03,Carolina Brear,11-4283300
Operations Support,EVN,Harrison Cudby,Active,85-2819035,Worker,12/31/10,Carolina Brear,11-4283300
Operations Support,EVN,Lexis Biermatowicz,Active,86-4841733,Worker,1/9/15,Ermengarde Ivens,86-5474070
Operations Support,EVN,Charmion St Ledger,Active,86-7106661,Worker,5/8/12,Carolina Brear,11-4283300
Operations Support,EVN,Alastair Densumbe,Active,89-7986157,Worker,11/30/11,Carolina Brear,11-4283300
Operations Support,EVN,Alistair Croix,Active,91-1921258,Worker,4/4/12,Ermengarde Ivens,86-5474070
Operations Support,EVN,Abba Gossington,Active,94-7429091,Worker,3/28/09,Carolina Brear,11-4283300
Operations Support,EVN,Sandor Dobell,Active,96-0673541,Worker,5/12/02,Francine Kline,95-7097216
Operations Support,EVN,Winnah Braz,Active,97-2879908,Worker,3/3/06,Carolina Brear,11-4283300
Operations Support,EVN,Barr Childrens,Active,98-9827343,Worker,1/5/13,Francine Kline,95-7097216
Operations Support,EVN,Vail Catherine,Active,99-2283311,Worker,5/31/04,Carolina Brear,11-4283300
Palletflow,DAY,Leupold Magee,Active,94-0397026,Manager,4/16/16,,
Palletflow,DAY,Lotte Snelson,Active,08-1801863,Supervisor,3/15/04,Leupold Magee,94-0397026
Palletflow,DAY,Anne-corinne Sprouls,Active,31-8208353,Supervisor,7/16/07,Leupold Magee,94-0397026
Palletflow,DAY,Sonja Judkins,Active,51-0982459,Supervisor,11/11/02,Leupold Magee,94-0397026
Palletflow,DAY,Korie Ramalho,Active,01-9465566,Worker,2/4/13,Sonja Judkins,51-0982459
Palletflow,DAY,Garwin Reuther,Active,13-0682904,Worker,7/15/13,Lotte Snelson,08-1801863
Palletflow,DAY,Hynda Woodson,Active,17-5374276,Worker,6/8/11,Sonja Judkins,51-0982459
Palletflow,DAY,Dannie Vosse,Active,21-0848954,Worker,9/12/02,Anne-corinne Sprouls,31-8208353
Palletflow,DAY,Leodora Timmes,Active,22-2496505,Worker,5/11/13,Sonja Judkins,51-0982459
Palletflow,DAY,Dodie Mountlow,Active,22-6552636,Worker,9/20/05,Sonja Judkins,51-0982459
Palletflow,DAY,Celeste Rummings,Active,25-9659696,Worker,1/25/04,Sonja Judkins,51-0982459
Palletflow,DAY,Hedda Aglione,Active,30-2059055,Worker,11/8/02,Sonja Judkins,51-0982459
Palletflow,DAY,Joelie Hamelyn,Active,34-0826480,Worker,11/2/09,Lotte Snelson,08-1801863
Palletflow,DAY,Britt Fraser,Active,35-8990121,Worker,7/18/13,Anne-corinne Sprouls,31-8208353
Palletflow,DAY,Diane Benwell,Active,36-7691685,Worker,11/21/07,Lotte Snelson,08-1801863
Palletflow,DAY,Cobb Prattin,Active,38-6551956,Worker,26/11/2013,Anne-corinne Sprouls,31-8208353
Palletflow,DAY,Idaline Chancellor,Active,40-9337003,Worker,11/3/04,Sonja Judkins,51-0982459
Palletflow,DAY,Lorita Rottcher,Active,45-1638520,Worker,5/9/02,Sonja Judkins,51-0982459
Palletflow,DAY,Karia Beyer,Active,46-3811646,Worker,12/29/12,Anne-corinne Sprouls,31-8208353
Palletflow,DAY,Nariko Teager,Active,47-5158714,Worker,8/3/04,Sonja Judkins,51-0982459
Palletflow,DAY,Chelsy Lightowlers,Active,47-9918060,Worker,7/27/12,Sonja Judkins,51-0982459
Palletflow,DAY,Loren Statton,Active,49-0158723,Worker,12/31/12,Lotte Snelson,08-1801863
Palletflow,DAY,Joshuah Fenich,Active,64-9390677,Worker,7/16/11,Anne-corinne Sprouls,31-8208353
Palletflow,DAY,Letisha Stansall,Active,69-3415743,Worker,12/7/02,Lotte Snelson,08-1801863
Palletflow,DAY,Donalt Dufoure,Active,70-8973377,Worker,7/13/04,Anne-corinne Sprouls,31-8208353
Palletflow,DAY,Hubie Vardey,Active,72-9354485,Worker,10/10/03,Sonja Judkins,51-0982459
Palletflow,DAY,Fidela Bayle,Active,75-4312621,Worker,11/3/11,Anne-corinne Sprouls,31-8208353
Palletflow,DAY,Joela Fakeley,Active,76-7871326,Worker,4/5/04,Lotte Snelson,08-1801863
Palletflow,DAY,Netti Grinnell,Active,77-5259383,Worker,4/18/04,Sonja Judkins,51-0982459
Palletflow,DAY,Twyla Goodship,Active,79-9550166,Worker,7/9/07,Sonja Judkins,51-0982459
Palletflow,DAY,Paolina Stooders,Active,85-6795783,Worker,6/25/02,Sonja Judkins,51-0982459
Palletflow,DAY,Willy Salterne,Active,93-1119041,Worker,7/15/02,Lotte Snelson,08-1801863
Palletflow,DAY,Red MacDiarmond,Active,95-9579443,Worker,7/28/11,Lotte Snelson,08-1801863
Palletflow,DAY,Sadella Abdy,Active,99-1872618,Worker,12/1/07,Sonja Judkins,51-0982459
Palletflow,AFT,Jennee Solon,Active,99-8542337,Manager,12/27/15,,
Palletflow,AFT,Kaiser Spoors,Active,33-2028956,Supervisor,8/7/04,Jennee Solon,99-8542337
Palletflow,AFT,Marillin Wedgwood,Active,77-8390848,Supervisor,2/18/06,Jennee Solon,99-8542337
Palletflow,AFT,Kipp Tilmouth,Active,90-0436490,Supervisor,6/6/04,Jennee Solon,99-8542337
Palletflow,AFT,Shep Hambright,Active,00-6187716,Worker,11/26/06,Kaiser Spoors,33-2028956
Palletflow,AFT,Huntley Lenglet,Active,01-4975265,Worker,6/1/05,Kipp Tilmouth,90-0436490
Palletflow,AFT,Shurlocke Croft,Active,03-4064999,Worker,12/14/03,Kipp Tilmouth,90-0436490
Palletflow,AFT,Wiatt Pylkynyton,Active,05-2817641,Worker,12/27/12,Kipp Tilmouth,90-0436490
Palletflow,AFT,Fifi Swigg,Active,07-2174356,Worker,2/16/03,Kipp Tilmouth,90-0436490
Palletflow,AFT,Thia Persitt,Active,07-6585603,Worker,11/12/14,Kipp Tilmouth,90-0436490
Palletflow,AFT,Inger Ilott,Active,08-4669213,Worker,1/16/12,Kaiser Spoors,33-2028956
Palletflow,AFT,Nikkie Celiz,Active,17-8973350,Worker,10/7/15,Kaiser Spoors,33-2028956
Palletflow,AFT,Dot Shorten,Active,20-7391133,Worker,12/12/13,Marillin Wedgwood,77-8390848
Palletflow,AFT,Aksel Beckmann,Active,22-6982584,Worker,7/27/14,Kipp Tilmouth,90-0436490
Palletflow,AFT,Jaynell Ambrus,Active,24-8882452,Worker,4/14/08,Kipp Tilmouth,90-0436490
Palletflow,AFT,Lauritz Yancey,Active,37-7785539,Worker,1/25/12,Marillin Wedgwood,77-8390848
Palletflow,AFT,Jacklin Stanford,Active,41-4550125,Worker,12/2/15,Marillin Wedgwood,77-8390848
Palletflow,AFT,Herrick Kewish,Active,41-5158586,Worker,10/30/03,Kipp Tilmouth,90-0436490
Palletflow,AFT,Vasili Willbraham,Active,47-2284800,Worker,1/1/05,Kaiser Spoors,33-2028956
Palletflow,AFT,Federica Austing,Active,50-8618026,Worker,12/12/15,Kipp Tilmouth,90-0436490
Palletflow,AFT,Olly Barwick,Active,55-7152204,Worker,4/26/11,Kipp Tilmouth,90-0436490
Palletflow,AFT,Lucilia Varley,Active,64-5654820,Worker,9/12/12,Kaiser Spoors,33-2028956
Palletflow,AFT,Kelcey Clemenza,Active,68-0715118,Worker,2/14/14,Marillin Wedgwood,77-8390848
Palletflow,AFT,Blondell Skates,Active,68-9774422,Worker,11/12/11,Kipp Tilmouth,90-0436490
Palletflow,AFT,Rebecka Bozworth,Active,69-5368858,Worker,7/6/02,Marillin Wedgwood,77-8390848
Palletflow,AFT,Sophi Triggol,Active,73-7178574,Worker,7/26/06,Kaiser Spoors,33-2028956
Palletflow,AFT,Stacee Feaveer,Active,75-1979599,Worker,10/10/04,Kaiser Spoors,33-2028956
Palletflow,AFT,Raven Barneville,Active,81-8454273,Worker,1/28/07,Kipp Tilmouth,90-0436490
Palletflow,AFT,Cchaddie Stormouth,Active,86-1591622,Worker,8/24/12,Kipp Tilmouth,90-0436490
Palletflow,AFT,Dolores Whitbread,Active,87-8112694,Worker,6/20/16,Kipp Tilmouth,90-0436490
Palletflow,AFT,Tulley Ambrus,Active,89-1142237,Worker,11/15/12,Kaiser Spoors,33-2028956
Palletflow,AFT,Symon Tatteshall,Active,94-9588281,Worker,12/14/15,Marillin Wedgwood,77-8390848
Palletflow,AFT,Rog Coppo,Active,95-4905831,Worker,3/30/05,Kipp Tilmouth,90-0436490
Palletflow,AFT,Babara Hauxley,Active,97-0714738,Worker,5/28/13,Kaiser Spoors,33-2028956
Palletflow,EVN,Jimmy Eagles,Active,60-3710259,Manager,9/16/15,,
Palletflow,EVN,Deeann Ragsdale,Active,58-7055567,Supervisor,5/17/14,Jimmy Eagles,60-3710259
Palletflow,EVN,Neddy McAne,Active,81-8411691,Supervisor,3/4/15,Jimmy Eagles,60-3710259
Palletflow,EVN,Lorraine Mc Faul,Active,86-3588654,Supervisor,7/28/08,Jimmy Eagles,60-3710259
Palletflow,EVN,Broddie Danielot,Active,08-1091562,Worker,5/9/03,Deeann Ragsdale,58-7055567
Palletflow,EVN,Ninnetta Buzine,Active,08-3083138,Worker,2/11/13,Deeann Ragsdale,58-7055567
Palletflow,EVN,Joshua Jeremaes,Active,12-5635345,Worker,7/7/07,Deeann Ragsdale,58-7055567
Palletflow,EVN,Perceval Willeson,Active,16-5371174,Worker,2/7/13,Lorraine Mc Faul,86-3588654
Palletflow,EVN,Timmy Chitty,Active,26-8745680,Worker,6/6/13,Lorraine Mc Faul,86-3588654
Palletflow,EVN,Trish Line,Active,29-0621641,Worker,2/29/12,Lorraine Mc Faul,86-3588654
Palletflow,EVN,Sari Cash,Active,30-9400443,Worker,11/17/10,Lorraine Mc Faul,86-3588654
Palletflow,EVN,Lancelot Bettam,Active,31-7485603,Worker,9/22/04,Deeann Ragsdale,58-7055567
Palletflow,EVN,Rebekkah Trapp,Active,32-3274906,Worker,8/12/08,Deeann Ragsdale,58-7055567
Palletflow,EVN,Nickie Firpi,Active,34-8064122,Worker,8/23/05,Lorraine Mc Faul,86-3588654
Palletflow,EVN,Pearla Duncanson,Active,35-2283438,Worker,2/22/15,Lorraine Mc Faul,86-3588654
Palletflow,EVN,Franzen Menichini,Active,41-8803344,Worker,8/2/04,Deeann Ragsdale,58-7055567
Palletflow,EVN,Berte Yarr,Active,41-9701658,Worker,10/28/02,Deeann Ragsdale,58-7055567
Palletflow,EVN,Babb Avarne,Active,49-5805469,Worker,7/23/13,Lorraine Mc Faul,86-3588654
Palletflow,EVN,Flss Fedoronko,Active,49-6837863,Worker,3/20/09,Lorraine Mc Faul,86-3588654
Palletflow,EVN,Valaree Cotta,Active,50-8197857,Worker,8/11/09,Lorraine Mc Faul,86-3588654
Palletflow,EVN,Portia Painswick,Active,53-4893927,Worker,2/3/15,Deeann Ragsdale,58-7055567
Palletflow,EVN,Lea Puttock,Active,57-0626936,Worker,1/9/15,Lorraine Mc Faul,86-3588654
Palletflow,EVN,Tamarah Gregr,Active,57-7409921,Worker,2/22/16,Deeann Ragsdale,58-7055567
Palletflow,EVN,Lauraine Shilleto,Active,58-5725701,Worker,11/5/02,Neddy McAne,81-8411691
Palletflow,EVN,Gusella Spofforth,Active,64-8250999,Worker,6/28/07,Deeann Ragsdale,58-7055567
Palletflow,EVN,Bev Mulran,Active,66-1974918,Worker,1/30/12,Lorraine Mc Faul,86-3588654
Palletflow,EVN,Whitman Beaulieu,Active,67-1316376,Worker,11/12/10,Neddy McAne,81-8411691
Palletflow,EVN,Wendy Imlen,Active,67-7850608,Worker,8/18/11,Lorraine Mc Faul,86-3588654
Palletflow,EVN,Brandie Lanaway,Active,70-0902996,Worker,12/24/10,Lorraine Mc Faul,86-3588654
Palletflow,EVN,Amalea Pardoe,Active,83-9452025,Worker,2/24/08,Deeann Ragsdale,58-7055567
Palletflow,EVN,Hamel Capon,Active,88-2998911,Worker,3/3/12,Deeann Ragsdale,58-7055567
Palletflow,EVN,Marja Morstatt,Active,88-5082931,Worker,6/13/10,Neddy McAne,81-8411691
Palletflow,EVN,Micheil Abrahmson,Active,88-7897964,Worker,6/10/08,Lorraine Mc Faul,86-3588654
Palletflow,EVN,Albie Ferrulli,Active,93-8365600,Worker,1/26/07,Lorraine Mc Faul,86-3588654
Picking,DAY,Sarette Thirst,Active,58-8217497,Manager,12/30/12,,
Picking,DAY,Gerianne O'Cannovane,Active,12-0934564,Supervisor,2/14/08,Sarette Thirst,58-8217497
Picking,DAY,Karlan Werndley,Active,30-3637481,Supervisor,9/19/11,Sarette Thirst,58-8217497
Picking,DAY,Ophelia Ashworth,Active,56-7918342,Supervisor,3/28/13,Sarette Thirst,58-8217497
Picking,DAY,Norma Lawrance,Active,00-4752422,Worker,4/27/15,Karlan Werndley,30-3637481
Picking,DAY,Christye Poppy,Active,05-5665033,Worker,7/18/07,Ophelia Ashworth,56-7918342
Picking,DAY,Garik Berriman,Active,13-9196101,Worker,7/29/04,Gerianne O'Cannovane,12-0934564
Picking,DAY,Kelsi Beck,Active,14-4874304,Worker,7/26/12,Gerianne O'Cannovane,12-0934564
Picking,DAY,Emma Berriman,Active,16-4412513,Worker,10/12/05,Gerianne O'Cannovane,12-0934564
Picking,DAY,Brade Keri,Active,21-3458100,Worker,11/28/12,Gerianne O'Cannovane,12-0934564
Picking,DAY,Leta Wallentin,Active,25-8395221,Worker,5/4/16,Ophelia Ashworth,56-7918342
Picking,DAY,August Cutriss,Active,31-7334302,Worker,6/26/09,Ophelia Ashworth,56-7918342
Picking,DAY,Minnaminnie Wildes,Active,32-8561126,Worker,1/25/03,Gerianne O'Cannovane,12-0934564
Picking,DAY,Ewell Josefs,Active,33-6891871,Worker,9/3/15,Gerianne O'Cannovane,12-0934564
Picking,DAY,Chancey Clack,Active,34-8381051,Worker,10/11/11,Ophelia Ashworth,56-7918342
Picking,DAY,Felipe Walklot,Active,36-3063432,Worker,10/2/10,Ophelia Ashworth,56-7918342
Picking,DAY,Claybourne Clint,Active,36-6340263,Worker,8/30/04,Gerianne O'Cannovane,12-0934564
Picking,DAY,Nina Firebrace,Active,41-1007506,Worker,12/15/08,Karlan Werndley,30-3637481
Picking,DAY,Leia Scowcroft,Active,46-4456812,Worker,6/3/04,Karlan Werndley,30-3637481
Picking,DAY,Annabal Uphill,Active,46-9053003,Worker,11/8/16,Karlan Werndley,30-3637481
Picking,DAY,Kathryn Ickovicz,Active,47-3747793,Worker,9/17/06,Karlan Werndley,30-3637481
Picking,DAY,Marlin Tomankowski,Active,48-1438350,Worker,1/16/15,Ophelia Ashworth,56-7918342
Picking,DAY,Jeremy Dumphrey,Active,53-3796803,Worker,9/17/12,Karlan Werndley,30-3637481
Picking,DAY,Phillipe Oolahan,Active,55-7771503,Worker,8/12/12,Gerianne O'Cannovane,12-0934564
Picking,DAY,Rois Kemsley,Active,56-9375221,Worker,10/8/15,Ophelia Ashworth,56-7918342
Picking,DAY,Rozina Kempster,Active,57-1185643,Worker,10/11/14,Gerianne O'Cannovane,12-0934564
Picking,DAY,Nan Gaspard,Active,66-2340138,Worker,10/2/13,Gerianne O'Cannovane,12-0934564
Picking,DAY,Owen Llopis,Active,69-9397942,Worker,6/16/11,Ophelia Ashworth,56-7918342
Picking,DAY,Ermina Warboy,Active,73-4183957,Worker,4/11/10,Gerianne O'Cannovane,12-0934564
Picking,DAY,Mae Domican,Active,83-7059151,Worker,2/4/10,Gerianne O'Cannovane,12-0934564
Picking,DAY,Putnem Iveson,Active,91-9873123,Worker,9/25/12,Gerianne O'Cannovane,12-0934564
Picking,DAY,Engracia Tripett,Active,96-7775531,Worker,3/31/08,Gerianne O'Cannovane,12-0934564
Picking,DAY,La verne Sillick,Active,96-9711964,Worker,12/31/14,Gerianne O'Cannovane,12-0934564
Picking,DAY,Thorsten Boffin,Active,99-0632032,Worker,8/16/07,Gerianne O'Cannovane,12-0934564
Picking,AFT,Priscilla Town,Active,75-8228064,Manager,7/17/09,,
Picking,AFT,Sharyl Ellul,Active,25-6770141,Supervisor,4/1/15,Priscilla Town,75-8228064
Picking,AFT,Lacy Nyland,Active,58-3583693,Supervisor,6/24/06,Priscilla Town,75-8228064
Picking,AFT,Risa Matteucci,Active,99-6010736,Supervisor,2/6/16,Priscilla Town,75-8228064
Picking,AFT,Andonis Kristufek,Active,01-7907075,Worker,1/5/10,Sharyl Ellul,25-6770141
Picking,AFT,Joshuah Ower,Active,05-5036830,Worker,4/7/15,Lacy Nyland,58-3583693
Picking,AFT,Kile Moffat,Active,06-0868973,Worker,9/20/08,Risa Matteucci,99-6010736
Picking,AFT,Orren MacCrackan,Active,06-1873796,Worker,5/20/09,Risa Matteucci,99-6010736
Picking,AFT,Olvan Kenzie,Active,08-1859783,Worker,2/25/15,Lacy Nyland,58-3583693
Picking,AFT,Jone Sumner,Active,15-5785851,Worker,3/7/06,Sharyl Ellul,25-6770141
Picking,AFT,Brooke Bowcock,Active,16-7261168,Worker,10/17/06,Sharyl Ellul,25-6770141
Picking,AFT,Johannes Seymour,Active,17-0421716,Worker,10/12/04,Lacy Nyland,58-3583693
Picking,AFT,Pippo Murthwaite,Active,18-7553088,Worker,5/29/02,Sharyl Ellul,25-6770141
Picking,AFT,Kynthia Witcher,Active,19-6463626,Worker,7/19/02,Risa Matteucci,99-6010736
Picking,AFT,Karlie Bridgwater,Active,24-7296398,Worker,5/22/06,Sharyl Ellul,25-6770141
Picking,AFT,Nikolia Toderbrugge,Active,29-7802000,Worker,8/31/13,Sharyl Ellul,25-6770141
Picking,AFT,Marlin Reggiani,Active,31-3114631,Worker,9/20/05,Sharyl Ellul,25-6770141
Picking,AFT,Blondie Shemelt,Active,32-4234483,Worker,5/31/06,Lacy Nyland,58-3583693
Picking,AFT,Opaline Burnett,Active,33-2970795,Worker,1/27/15,Risa Matteucci,99-6010736
Picking,AFT,Peirce St. Louis,Active,37-4047648,Worker,11/29/07,Lacy Nyland,58-3583693
Picking,AFT,Wendi Duplain,Active,49-0078250,Worker,1/5/08,Lacy Nyland,58-3583693
Picking,AFT,Othelia Lashmar,Active,57-5095653,Worker,5/26/11,Sharyl Ellul,25-6770141
Picking,AFT,Gregoire Rickman,Active,59-5006928,Worker,7/14/15,Risa Matteucci,99-6010736
Picking,AFT,Dean Mardlin,Active,60-3828902,Worker,8/2/12,Lacy Nyland,58-3583693
Picking,AFT,Cheslie Issakov,Active,63-3540108,Worker,3/15/14,Lacy Nyland,58-3583693
Picking,AFT,Wilt Borchardt,Active,67-5173815,Worker,6/6/07,Sharyl Ellul,25-6770141
Picking,AFT,Loni Blackie,Active,69-4848258,Worker,8/31/13,Sharyl Ellul,25-6770141
Picking,AFT,Orren Fishley,Active,73-8321720,Worker,2/9/15,Sharyl Ellul,25-6770141
Picking,AFT,Candi Sproson,Active,74-2080482,Worker,9/17/10,Risa Matteucci,99-6010736
Picking,AFT,Nichole Cardis,Active,74-6542546,Worker,10/26/08,Risa Matteucci,99-6010736
Picking,AFT,Lilyan Ledingham,Active,76-9166211,Worker,7/3/15,Lacy Nyland,58-3583693
Picking,AFT,Ailis Itzik,Active,80-1798206,Worker,12/27/07,Risa Matteucci,99-6010736
Picking,AFT,Sherie Figurski,Active,80-3181260,Worker,2/7/14,Lacy Nyland,58-3583693
Picking,AFT,Trueman De Avenell,Active,81-8971532,Worker,4/15/07,Sharyl Ellul,25-6770141
Picking,EVN,Thia Timewell,Active,69-6539779,Manager,1/17/08,,
Picking,EVN,Shandeigh Polack,Active,31-9641505,Supervisor,6/24/07,Thia Timewell,69-6539779
Picking,EVN,Whitney Henker,Active,79-2991762,Supervisor,11/24/07,Thia Timewell,69-6539779
Picking,EVN,Leonard Douch,Active,84-3741699,Supervisor,10/25/16,Thia Timewell,69-6539779
Picking,EVN,Nonna Ballsdon,Active,13-2577746,Worker,3/14/10,Whitney Henker,79-2991762
Picking,EVN,Garnet Wavell,Active,18-2645136,Worker,12/5/16,Whitney Henker,79-2991762
Picking,EVN,Charmaine Leythley,Active,22-3702413,Worker,10/8/12,Shandeigh Polack,31-9641505
Picking,EVN,Saraann Harefoot,Active,22-7013367,Worker,6/18/07,Shandeigh Polack,31-9641505
Picking,EVN,Vanessa Moysey,Active,23-8699437,Worker,2/17/10,Shandeigh Polack,31-9641505
Picking,EVN,Betta Kolakowski,Active,24-7874148,Worker,10/4/09,Shandeigh Polack,31-9641505
Picking,EVN,Eirena Vondracek,Active,26-0729947,Worker,1/7/16,Leonard Douch,84-3741699
Picking,EVN,Jacinthe Gabbitis,Active,28-2424694,Worker,12/19/02,Leonard Douch,84-3741699
Picking,EVN,Ernest Schwander,Active,29-7862589,Worker,9/5/05,Shandeigh Polack,31-9641505
Picking,EVN,Kellia Harlin,Active,29-8198713,Worker,4/6/07,Whitney Henker,79-2991762
Picking,EVN,Art Castellani,Active,32-9208004,Worker,5/7/04,Whitney Henker,79-2991762
Picking,EVN,Gard Hector,Active,37-4638366,Worker,8/1/05,Leonard Douch,84-3741699
Picking,EVN,Sonni Stoter,Active,41-4939713,Worker,1/30/10,Whitney Henker,79-2991762
Picking,EVN,Shalne Guerriero,Active,43-7615969,Worker,9/29/03,Whitney Henker,79-2991762
Picking,EVN,Violetta Harmeston,Active,51-0546623,Worker,10/6/14,Leonard Douch,84-3741699
Picking,EVN,Violetta Foard,Active,59-2341773,Worker,10/20/04,Shandeigh Polack,31-9641505
Picking,EVN,Vania Blacksell,Active,62-2722121,Worker,5/2/16,Shandeigh Polack,31-9641505
Picking,EVN,Fabiano Mallender,Active,72-8829772,Worker,8/18/13,Leonard Douch,84-3741699
Picking,EVN,Virgina Morling,Active,78-3378161,Worker,10/22/06,Shandeigh Polack,31-9641505
Picking,EVN,Rosella Vodden,Active,79-4870551,Worker,4/26/05,Whitney Henker,79-2991762
Picking,EVN,Dotti Beentjes,Active,80-3178519,Worker,1/19/07,Whitney Henker,79-2991762
Picking,EVN,Bordie Gornal,Active,80-8308273,Worker,10/31/05,Shandeigh Polack,31-9641505
Picking,EVN,Salli Venney,Active,84-4703274,Worker,9/25/11,Leonard Douch,84-3741699
Picking,EVN,Auria Garvill,Active,84-7985094,Worker,11/27/04,Whitney Henker,79-2991762
Picking,EVN,Wallie Goodacre,Active,84-9493350,Worker,6/27/08,Shandeigh Polack,31-9641505
Picking,EVN,Pat Nation,Active,85-9508547,Worker,5/5/05,Leonard Douch,84-3741699
Picking,EVN,Rowney Fake,Active,86-9195967,Worker,6/5/13,Shandeigh Polack,31-9641505
Picking,EVN,Emmye Skirving,Active,87-1686893,Worker,2/16/04,Whitney Henker,79-2991762
Picking,EVN,Clara Youel,Active,88-2102953,Worker,12/25/15,Shandeigh Polack,31-9641505
Picking,EVN,Meghann Blaylock,Active,90-2980463,Worker,1/6/06,Leonard Douch,84-3741699
Receiving,DAY,Agata Castenda,Active,89-3399588,Manager,10/29/02,,
Receiving,DAY,Godwin Treeby,Active,44-6020805,Supervisor,8/4/02,Agata Castenda,89-3399588
Receiving,DAY,Petronia Chancellor,Active,56-8850029,Supervisor,5/28/05,Agata Castenda,89-3399588
Receiving,DAY,Charin Praill,Active,61-4275996,Supervisor,7/16/07,Agata Castenda,89-3399588
Receiving,DAY,Ophelia Clubb,Active,01-2619232,Worker,3/5/17,Godwin Treeby,44-6020805
Receiving,DAY,Sibeal Caghy,Active,07-6291948,Worker,7/29/12,Godwin Treeby,44-6020805
Receiving,DAY,Lindsay Huws,Active,07-9544680,Worker,8/5/07,Godwin Treeby,44-6020805
Receiving,DAY,Heath Houliston,Active,08-4472741,Worker,5/2/06,Petronia Chancellor,56-8850029
Receiving,DAY,Stevy Sanson,Active,13-1992565,Worker,3/26/15,Charin Praill,61-4275996
Receiving,DAY,Augustine Nolleth,Active,17-0047296,Worker,12/29/16,Godwin Treeby,44-6020805
Receiving,DAY,Gillan Pendred,Active,20-0034755,Worker,4/22/16,Godwin Treeby,44-6020805
Receiving,DAY,Jenny Cisson,Active,28-0979584,Worker,5/30/04,Petronia Chancellor,56-8850029
Receiving,DAY,Georges Auger,Active,34-4112756,Worker,1/10/12,Charin Praill,61-4275996
Receiving,DAY,Lizette Jedrych,Active,36-3923839,Worker,8/24/12,Petronia Chancellor,56-8850029
Receiving,DAY,Eryn Gierardi,Active,37-4450472,Worker,1/19/04,Charin Praill,61-4275996
Receiving,DAY,Terrel Jaffa,Active,41-4334855,Worker,2/18/13,Godwin Treeby,44-6020805
Receiving,DAY,Marchelle Painten,Active,42-1256548,Worker,9/28/14,Charin Praill,61-4275996
Receiving,DAY,Nev Eymer,Active,42-6392661,Worker,4/11/03,Petronia Chancellor,56-8850029
Receiving,DAY,Ingra Furneaux,Active,47-3480080,Worker,11/26/08,Godwin Treeby,44-6020805
Receiving,DAY,Chad Collishaw,Active,49-9119925,Worker,8/1/02,Petronia Chancellor,56-8850029
Receiving,DAY,Mercie Labba,Active,56-4195024,Worker,3/30/09,Godwin Treeby,44-6020805
Receiving,DAY,Aime Zute,Active,57-1491490,Worker,1/16/05,Godwin Treeby,44-6020805
Receiving,DAY,Brannon Meriet,Active,57-2305353,Worker,7/2/07,Petronia Chancellor,56-8850029
Receiving,DAY,Fabien Gowland,Active,58-9982300,Worker,10/16/06,Charin Praill,61-4275996
Receiving,DAY,Dedra Meadley,Active,60-0582971,Worker,6/13/16,Godwin Treeby,44-6020805
Receiving,DAY,Bevan Waulker,Active,60-4440381,Worker,10/22/13,Godwin Treeby,44-6020805
Receiving,DAY,Belita Huggens,Active,64-0899072,Worker,9/2/03,Godwin Treeby,44-6020805
Receiving,DAY,Dimitry Eggleson,Active,64-4707517,Worker,5/30/08,Charin Praill,61-4275996
Receiving,DAY,Sandra Tarren,Active,75-6920471,Worker,1/4/09,Godwin Treeby,44-6020805
Receiving,DAY,Darleen Prawle,Active,75-7006508,Worker,10/18/07,Charin Praill,61-4275996
Receiving,DAY,Israel Lampard,Active,78-2569374,Worker,10/8/11,Petronia Chancellor,56-8850029
Receiving,DAY,Carri Collip,Active,88-0372462,Worker,10/18/14,Charin Praill,61-4275996
Receiving,DAY,Doralynn Smiths,Active,93-3328340,Worker,9/21/03,Godwin Treeby,44-6020805
Receiving,DAY,Leese Dovermann,Active,94-2941401,Worker,6/28/06,Godwin Treeby,44-6020805
Receiving,AFT,Martino MacCulloch,Active,73-8021873,Manager,11/7/05,,
Receiving,AFT,Vin Chetwind,Active,30-9368024,Supervisor,3/5/05,Martino MacCulloch,73-8021873
Receiving,AFT,Nikita Kerswell,Active,57-2940999,Supervisor,10/17/14,Martino MacCulloch,73-8021873
Receiving,AFT,Clemens Renforth,Active,61-2569094,Supervisor,6/30/16,Martino MacCulloch,73-8021873
Receiving,AFT,Caril Abramamovh,Active,03-0659635,Worker,1/17/15,Vin Chetwind,30-9368024
Receiving,AFT,Gustav Cornbell,Active,03-4137926,Worker,10/16/03,Vin Chetwind,30-9368024
Receiving,AFT,Derron Brauner,Active,06-5550807,Worker,12/19/15,Vin Chetwind,30-9368024
Receiving,AFT,Carlee Rudkin,Active,09-5569465,Worker,8/6/10,Nikita Kerswell,57-2940999
Receiving,AFT,Jodi Hooke,Active,15-5145683,Worker,1/10/13,Clemens Renforth,61-2569094
Receiving,AFT,Peirce Wallace,Active,19-0502141,Worker,1/2/11,Clemens Renforth,61-2569094
Receiving,AFT,Sumner Trimmell,Active,20-5805452,Worker,4/10/15,Nikita Kerswell,57-2940999
Receiving,AFT,Idelle Danell,Active,21-1280497,Worker,7/27/03,Nikita Kerswell,57-2940999
Receiving,AFT,Vin Bucksey,Active,28-3325785,Worker,7/9/16,Clemens Renforth,61-2569094
Receiving,AFT,Greg Penrose,Active,32-1906305,Worker,2/14/14,Nikita Kerswell,57-2940999
Receiving,AFT,Chadd Brunicke,Active,32-8196404,Worker,6/19/14,Vin Chetwind,30-9368024
Receiving,AFT,Zeb Stockoe,Active,41-3269013,Worker,6/26/13,Nikita Kerswell,57-2940999
Receiving,AFT,Cassaundra Kringe,Active,44-4686921,Worker,2/27/09,Clemens Renforth,61-2569094
Receiving,AFT,Nilson Cotherill,Active,44-5400788,Worker,7/16/13,Clemens Renforth,61-2569094
Receiving,AFT,Matthiew Carrabot,Active,48-4220833,Worker,7/3/16,Vin Chetwind,30-9368024
Receiving,AFT,Alfonse Lingard,Active,48-7127498,Worker,4/1/12,Vin Chetwind,30-9368024
Receiving,AFT,Bernie Bener,Active,56-3127508,Worker,9/9/09,Nikita Kerswell,57-2940999
Receiving,AFT,Torry Rany,Active,56-8376710,Worker,8/8/09,Nikita Kerswell,57-2940999
Receiving,AFT,Lauren Pomery,Active,60-4133553,Worker,4/16/10,Nikita Kerswell,57-2940999
Receiving,AFT,Mic Greenrde,Active,65-6131226,Worker,5/27/02,Clemens Renforth,61-2569094
Receiving,AFT,Frasquito Belden,Active,65-7953836,Worker,2/2/09,Nikita Kerswell,57-2940999
Receiving,AFT,Sibeal Govenlock,Active,81-4554679,Worker,12/18/09,Vin Chetwind,30-9368024
Receiving,AFT,Reggie Eisak,Active,82-1114697,Worker,8/7/11,Vin Chetwind,30-9368024
Receiving,AFT,Vincenz Bownde,Active,83-8780036,Worker,1/28/04,Clemens Renforth,61-2569094
Receiving,AFT,Fulton Hamal,Active,85-5934422,Worker,6/20/03,Nikita Kerswell,57-2940999
Receiving,AFT,Gunter Weems,Active,92-9032605,Worker,4/5/07,Nikita Kerswell,57-2940999
Receiving,AFT,Wells Dalgarnocht,Active,93-1243064,Worker,2/7/08,Nikita Kerswell,57-2940999
Receiving,AFT,Lodovico Honacker,Active,93-1773879,Worker,1/31/06,Nikita Kerswell,57-2940999
Receiving,AFT,Fairfax McClory,Active,93-2313486,Worker,2/9/10,Vin Chetwind,30-9368024
Receiving,AFT,Nikola Kerner,Active,99-3368437,Worker,8/8/04,Vin Chetwind,30-9368024
Receiving,EVN,Rowen Hazard,Active,85-1655200,Manager,5/27/10,,
Receiving,EVN,Lizabeth Blasing,Active,66-5234816,Supervisor,9/30/04,Rowen Hazard,85-1655200
Receiving,EVN,Karlie MacCoveney,Active,85-8253806,Supervisor,12/7/04,Rowen Hazard,85-1655200
Receiving,EVN,Jake Herety,Active,99-4148642,Supervisor,12/25/14,Rowen Hazard,85-1655200
Receiving,EVN,Laurie Hurleston,Active,04-8791821,Worker,5/2/11,Lizabeth Blasing,66-5234816
Receiving,EVN,Celinda Withinshaw,Active,05-0904465,Worker,4/19/07,Lizabeth Blasing,66-5234816
Receiving,EVN,Kaylyn Hachard,Active,06-2897976,Worker,2/9/13,Jake Herety,99-4148642
Receiving,EVN,Godart Graith,Active,06-3234253,Worker,11/14/13,Lizabeth Blasing,66-5234816
Receiving,EVN,Keeley Della Scala,Active,15-3426616,Worker,5/17/09,Jake Herety,99-4148642
Receiving,EVN,Nedi Cullity,Active,24-9906432,Worker,2/25/16,Jake Herety,99-4148642
Receiving,EVN,Carrissa Lung,Active,26-3025123,Worker,4/2/16,Lizabeth Blasing,66-5234816
Receiving,EVN,Darsey Pinckstone,Active,37-5328633,Worker,1/8/10,Jake Herety,99-4148642
Receiving,EVN,Carissa Asbrey,Active,39-2846296,Worker,7/15/13,Karlie MacCoveney,85-8253806
Receiving,EVN,Marybeth Hinckes,Active,41-1570380,Worker,11/1/04,Lizabeth Blasing,66-5234816
Receiving,EVN,James Probetts,Active,53-0770740,Worker,6/23/13,Karlie MacCoveney,85-8253806
Receiving,EVN,Tammy Arghent,Active,55-4244506,Worker,3/8/16,Jake Herety,99-4148642
Receiving,EVN,Marlo Deans,Active,56-6130141,Worker,6/7/04,Lizabeth Blasing,66-5234816
Receiving,EVN,Aloin Adshede,Active,59-6075756,Worker,4/26/08,Lizabeth Blasing,66-5234816
Receiving,EVN,Whitney Pallent,Active,59-6575012,Worker,10/6/04,Lizabeth Blasing,66-5234816
Receiving,EVN,Martin Whiterod,Active,62-6835956,Worker,8/28/12,Jake Herety,99-4148642
Receiving,EVN,Mirabelle Cockill,Active,62-9647209,Worker,9/20/03,Lizabeth Blasing,66-5234816
Receiving,EVN,Jeanine Ollerenshaw,Active,65-4541555,Worker,5/5/02,Lizabeth Blasing,66-5234816
Receiving,EVN,Shae Harbottle,Active,65-9371927,Worker,6/14/03,Karlie MacCoveney,85-8253806
Receiving,EVN,Garwin Hrinishin,Active,68-8280167,Worker,2/14/11,Jake Herety,99-4148642
Receiving,EVN,Gaston Grubbe,Active,71-2740496,Worker,2/6/16,Jake Herety,99-4148642
Receiving,EVN,Veriee Wreak,Active,80-6841550,Worker,6/7/14,Karlie MacCoveney,85-8253806
Receiving,EVN,Evey Woodrooffe,Active,84-6394502,Worker,6/22/07,Jake Herety,99-4148642
Receiving,EVN,Donielle Biskupiak,Active,86-8877778,Worker,8/24/03,Jake Herety,99-4148642
Receiving,EVN,Hannis Stockall,Active,89-3240449,Worker,8/6/10,Jake Herety,99-4148642
Receiving,EVN,Briana Birtwhistle,Active,90-2123195,Worker,8/16/03,Lizabeth Blasing,66-5234816
Receiving,EVN,Jillane Lydiard,Active,92-2207907,Worker,11/18/13,Karlie MacCoveney,85-8253806
Receiving,EVN,Brod Slyford,Active,94-9665962,Worker,3/27/06,Jake Herety,99-4148642
Receiving,EVN,Alexio Fentem,Active,96-1213645,Worker,7/12/10,Lizabeth Blasing,66-5234816
Receiving,EVN,Annemarie Hellcat,Active,99-8430062,Worker,8/5/05,Karlie MacCoveney,85-8253806
Shipping,DAY,Evan Northill,Active,00-5006634,Manager,4/6/12,,
Shipping,DAY,Curtice Minerdo,Active,54-5103939,Supervisor,11/6/16,Evan Northill,00-5006634
Shipping,DAY,Delores Moodie,Active,70-5240440,Supervisor,12/30/06,Evan Northill,00-5006634
Shipping,DAY,Xavier Deards,Active,84-2017090,Supervisor,4/14/05,Evan Northill,00-5006634
Shipping,DAY,Gisela Gaythor,Active,03-7655481,Worker,9/23/07,Curtice Minerdo,54-5103939
Shipping,DAY,Shelby Angrave,Active,04-9580170,Worker,1/25/14,Xavier Deards,84-2017090
Shipping,DAY,Lester Barritt,Active,09-2710882,Worker,11/30/14,Delores Moodie,70-5240440
Shipping,DAY,Nichol Orrick,Active,09-7115420,Worker,7/10/09,Xavier Deards,84-2017090
Shipping,DAY,Trev Plitz,Active,10-4097008,Worker,7/29/08,Xavier Deards,84-2017090
Shipping,DAY,Anissa Chatainier,Active,11-5123089,Worker,1/28/12,Xavier Deards,84-2017090
Shipping,DAY,Jeannette Linny,Active,13-8737381,Worker,4/14/17,Curtice Minerdo,54-5103939
Shipping,DAY,Ozzie Cassels,Active,15-3173640,Worker,11/28/13,Xavier Deards,84-2017090
Shipping,DAY,Ches Finding,Active,25-3758068,Worker,1/10/16,Delores Moodie,70-5240440
Shipping,DAY,Kalindi Rotham,Active,26-8747182,Worker,10/6/03,Xavier Deards,84-2017090
Shipping,DAY,Richard Gillivrie,Active,30-4849336,Worker,8/28/14,Delores Moodie,70-5240440
Shipping,DAY,Symon Tenby,Active,31-5012641,Worker,6/26/14,Delores Moodie,70-5240440
Shipping,DAY,Delbert Upton,Active,32-3180274,Worker,11/17/10,Curtice Minerdo,54-5103939
Shipping,DAY,Paul Jirieck,Active,34-0338816,Worker,9/4/07,Delores Moodie,70-5240440
Shipping,DAY,Tove Symondson,Active,36-7655884,Worker,8/11/02,Delores Moodie,70-5240440
Shipping,DAY,Julina Tullot,Active,37-6644654,Worker,12/21/09,Curtice Minerdo,54-5103939
Shipping,DAY,Cordi Garci,Active,45-0787418,Worker,9/14/10,Delores Moodie,70-5240440
Shipping,DAY,Tammie Rosenbarg,Active,53-3381014,Worker,3/6/05,Xavier Deards,84-2017090
Shipping,DAY,Shannan Chaffey,Active,55-8821912,Worker,4/4/03,Curtice Minerdo,54-5103939
Shipping,DAY,Gothart Lathaye,Active,58-8571038,Worker,10/14/10,Delores Moodie,70-5240440
Shipping,DAY,Jarrid Bollins,Active,61-1776440,Worker,7/4/14,Delores Moodie,70-5240440
Shipping,DAY,Valry Tatnell,Active,63-1927710,Worker,7/20/07,Delores Moodie,70-5240440
Shipping,DAY,Alexio Bevens,Active,63-6421338,Worker,3/12/14,Curtice Minerdo,54-5103939
Shipping,DAY,Chandal Garwill,Active,70-3996295,Worker,8/18/07,Xavier Deards,84-2017090
Shipping,DAY,Ginevra Helversen,Active,73-3720960,Worker,1/14/16,Xavier Deards,84-2017090
Shipping,DAY,Kristofer Risborough,Active,81-1102474,Worker,1/14/12,Curtice Minerdo,54-5103939
Shipping,DAY,Torin Winfield,Active,82-0724662,Worker,3/12/06,Xavier Deards,84-2017090
Shipping,DAY,Jefferson Hrinchishin,Active,88-2916686,Worker,4/12/07,Xavier Deards,84-2017090
Shipping,DAY,Terrell Tindle,Active,89-4458287,Worker,5/17/05,Xavier Deards,84-2017090
Shipping,DAY,Deidre Hoonahan,Active,95-6630172,Worker,9/26/08,Curtice Minerdo,54-5103939
Shipping,AFT,Vaughn Weeds,Active,04-5233671,Manager,10/28/05,,
Shipping,AFT,Forrester Bryceson,Active,11-0783484,Supervisor,4/13/12,Vaughn Weeds,04-5233671
Shipping,AFT,Brear Hufton,Active,65-8091369,Supervisor,6/24/02,Vaughn Weeds,04-5233671
Shipping,AFT,Cooper Beloe,Active,97-1150332,Supervisor,10/2/14,Vaughn Weeds,04-5233671
Shipping,AFT,Lynn Rakestraw,Active,00-4762929,Worker,1/16/03,Cooper Beloe,97-1150332
Shipping,AFT,Legra Pougher,Active,02-0324449,Worker,11/16/07,Brear Hufton,65-8091369
Shipping,AFT,Glennis Whiteford,Active,03-3497708,Worker,5/8/16,Brear Hufton,65-8091369
Shipping,AFT,Ginnie Dennitts,Active,04-4538045,Worker,5/21/06,Brear Hufton,65-8091369
Shipping,AFT,Gretta Dosdill,Active,06-6856387,Worker,3/2/12,Forrester Bryceson,11-0783484
Shipping,AFT,Bail Gallico,Active,07-2564031,Worker,1/11/12,Brear Hufton,65-8091369
Shipping,AFT,Dennie Ferretti,Active,07-9108754,Worker,9/16/04,Forrester Bryceson,11-0783484
Shipping,AFT,Hashim Landal,Active,13-1444419,Worker,5/16/15,Brear Hufton,65-8091369
Shipping,AFT,Kirk Brigg,Active,13-2406680,Worker,4/16/13,Brear Hufton,65-8091369
Shipping,AFT,Marie-jeanne Sanchis,Active,14-1244556,Worker,6/3/02,Forrester Bryceson,11-0783484
Shipping,AFT,Shaine Abrashkin,Active,14-7128283,Worker,12/17/10,Cooper Beloe,97-1150332
Shipping,AFT,Thain Fellini,Active,14-7428699,Worker,2/16/15,Cooper Beloe,97-1150332
Shipping,AFT,Alvinia Bowld,Active,18-2159993,Worker,4/3/11,Forrester Bryceson,11-0783484
Shipping,AFT,Lorne Kenwyn,Active,19-5011854,Worker,1/21/17,Forrester Bryceson,11-0783484
Shipping,AFT,Evania Knowlson,Active,28-0739461,Worker,5/28/12,Cooper Beloe,97-1150332
Shipping,AFT,Mei Sandall,Active,36-3222042,Worker,5/19/16,Cooper Beloe,97-1150332
Shipping,AFT,Gabbi Crannage,Active,41-6907267,Worker,10/4/09,Brear Hufton,65-8091369
Shipping,AFT,Christoffer Brevitt,Active,45-9980812,Worker,5/5/15,Forrester Bryceson,11-0783484
Shipping,AFT,Baudoin Cirlos,Active,47-2424218,Worker,3/13/11,Forrester Bryceson,11-0783484
Shipping,AFT,Nev Bewfield,Active,47-2555614,Worker,12/26/07,Brear Hufton,65-8091369
Shipping,AFT,Templeton Petrou,Active,49-6997167,Worker,1/4/06,Cooper Beloe,97-1150332
Shipping,AFT,Katuscha Newlove,Active,56-0312872,Worker,1/13/10,Forrester Bryceson,11-0783484
Shipping,AFT,Dorette Brymner,Active,65-3296884,Worker,10/5/12,Brear Hufton,65-8091369
Shipping,AFT,Avis D'Adamo,Active,68-3508265,Worker,11/11/06,Brear Hufton,65-8091369
Shipping,AFT,Maribel Bridat,Active,68-6624765,Worker,9/10/03,Cooper Beloe,97-1150332
Shipping,AFT,Teodoor Courtin,Active,70-9758417,Worker,10/25/11,Brear Hufton,65-8091369
Shipping,AFT,Phillip Pascow,Active,74-3728840,Worker,7/22/08,Forrester Bryceson,11-0783484
Shipping,AFT,Jarid Woolacott,Active,78-8698313,Worker,6/30/11,Forrester Bryceson,11-0783484
Shipping,AFT,Stephenie Witherop,Active,82-4581567,Worker,7/24/04,Cooper Beloe,97-1150332
Shipping,AFT,Herb Raye,Active,98-2129287,Worker,2/22/08,Cooper Beloe,97-1150332
Shipping,EVN,Madeline Dunton,Active,09-0394883,Manager,12/19/15,,
Shipping,EVN,Heinrick Greggor,Active,10-2080681,Supervisor,10/1/09,Madeline Dunton,09-0394883
Shipping,EVN,Hulda Clarycott,Active,17-0471439,Supervisor,1/7/09,Madeline Dunton,09-0394883
Shipping,EVN,Kathie Lankford,Active,34-5862608,Supervisor,8/7/15,Madeline Dunton,09-0394883
Shipping,EVN,Thorvald Keenor,Active,02-0384518,Worker,4/29/13,Heinrick Greggor,10-2080681
Shipping,EVN,Hobart Toopin,Active,02-9829375,Worker,11/2/10,Hulda Clarycott,17-0471439
Shipping,EVN,Valentijn Bisacre,Active,11-8671048,Worker,8/7/12,Heinrick Greggor,10-2080681
Shipping,EVN,Justinn Abrehart,Active,12-6339218,Worker,5/28/07,Kathie Lankford,34-5862608
Shipping,EVN,Arlen Pound,Active,13-9661959,Worker,10/31/14,Heinrick Greggor,10-2080681
Shipping,EVN,Langston Cridlon,Active,16-3546119,Worker,7/24/10,Heinrick Greggor,10-2080681
Shipping,EVN,Jason Crottagh,Active,19-0209063,Worker,4/10/07,Hulda Clarycott,17-0471439
Shipping,EVN,Laurence Le Franc,Active,21-0832313,Worker,5/9/09,Hulda Clarycott,17-0471439
Shipping,EVN,Rossie Russ,Active,23-1081923,Worker,12/9/03,Hulda Clarycott,17-0471439
Shipping,EVN,Ealasaid Float,Active,26-8406943,Worker,5/1/16,Hulda Clarycott,17-0471439
Shipping,EVN,Pooh Hucquart,Active,27-1460094,Worker,3/19/07,Kathie Lankford,34-5862608
Shipping,EVN,Jamal Gilks,Active,27-7002977,Worker,3/19/08,Kathie Lankford,34-5862608
Shipping,EVN,Cecily Fenner,Active,28-2033683,Worker,11/28/13,Kathie Lankford,34-5862608
Shipping,EVN,Cecilio Horsfield,Active,32-0269639,Worker,7/3/03,Hulda Clarycott,17-0471439
Shipping,EVN,Peterus Smalls,Active,36-8522141,Worker,8/28/12,Kathie Lankford,34-5862608
Shipping,EVN,Chantal Durning,Active,42-0454871,Worker,5/16/03,Kathie Lankford,34-5862608
Shipping,EVN,Sterne Spandley,Active,42-9780120,Worker,12/15/07,Kathie Lankford,34-5862608
Shipping,EVN,Yorker Kock,Active,44-0952513,Worker,10/5/13,Kathie Lankford,34-5862608
Shipping,EVN,Tiertza Kewzick,Active,46-6145059,Worker,9/18/12,Kathie Lankford,34-5862608
Shipping,EVN,Tabby Franzewitch,Active,47-4230725,Worker,7/4/11,Hulda Clarycott,17-0471439
Shipping,EVN,Paquito Timmins,Active,50-5493705,Worker,9/28/06,Kathie Lankford,34-5862608
Shipping,EVN,Olivie Haggarty,Active,54-1074890,Worker,6/29/08,Hulda Clarycott,17-0471439
Shipping,EVN,Brit McConville,Active,54-6678928,Worker,10/13/10,Heinrick Greggor,10-2080681
Shipping,EVN,Cookie Banner,Active,54-7119269,Worker,5/19/06,Heinrick Greggor,10-2080681
Shipping,EVN,Ivor MacGilrewy,Active,67-7020375,Worker,7/27/15,Hulda Clarycott,17-0471439
Shipping,EVN,Caria Miere,Active,69-4931508,Worker,7/26/16,Kathie Lankford,34-5862608
Shipping,EVN,Dalia McCalum,Active,73-2917750,Worker,8/25/07,Hulda Clarycott,17-0471439
Shipping,EVN,Vernon Vasiltsov,Active,76-7788974,Worker,7/16/12,Kathie Lankford,34-5862608
Shipping,EVN,Gilberte Dayes,Active,86-5253102,Worker,12/31/16,Hulda Clarycott,17-0471439
Shipping,EVN,Richmound Hugnot,Active,92-1399192,Worker,7/4/05,Hulda Clarycott,17-0471439
